Date,spot_chf_per_usd,forward_3m_chf_per_usd,forward_6m_chf_per_usd,forward_implied_usd_chf_3m,forward_implied_usd_chf_6m,usd_sofr_3m,chf_saron_3m,usd_sofr_6m,chf_saron_6m,usd_libor_3m,chf_libor_3m,usd_treasury_3m,chf_confederation_money_market_3m,cip_basis_sofr_saron_3m_bps,cip_basis_sofr_saron_6m_bps,cip_basis_libor_3m_bps,cip_basis_government_3m_bps,dks_chf_govt_cip_3m_bps
1990-01-31,1.5155,,,,,,,,,0.08042724911261456,0.09246522767209357,0.07696104113612832,,,,,,
1990-02-28,1.4875,,,,,,,,,0.08042724911261456,0.08904056679072946,0.07733134293632343,,,,,,
1990-03-31,1.5114,,,,,,,,,0.08157998699242289,0.08617769624105233,0.0776089793269829,,,,,,
1990-04-30,1.4873,,,,,,,,,0.08330660612641042,0.08961215868968714,0.0776089793269829,,,,,,
1990-05-31,1.4181,,,,,,,,,0.08042724911261456,0.08445603154031643,0.07705362944229141,,,,,,
1990-06-30,1.4244,,,,,,,,,0.08042724911261456,0.08617769624105233,0.07696104113612832,,,,,,
1990-07-31,1.3927,,,,,,,,,0.07681640104662527,0.08574760376454145,0.07455073126429633,,,,,,
1990-08-31,1.3077,,,,,,,,,0.0775395774554179,0.08273139759746474,0.07352923328811549,,,,,,
1990-09-30,1.3061,,,,,,,,,0.07985038148773348,0.07927318089450787,0.07111062745795275,,,,,,
1990-10-31,1.2809,,,,,,,,,0.0775395774554179,0.07985038148773348,0.07083118076059142,,,,,,
1990-11-30,1.257,,,,,,,,,0.07985038148773348,0.08560413729214832,0.06989912737966718,,,,,,
1990-12-31,1.2776,,,,,,,,,0.0730471882928413,0.08388148398070211,0.0641947120419968,,,,,,
1991-01-31,1.2725,,,,,,,,,0.0682425900962473,0.07811777926395203,0.06175339627548214,,,,,,
1991-02-28,1.265,,,,,,,,,0.06648974126883292,0.07927318089450787,0.06034222900616173,,,,,,
1991-03-31,1.3821,,,,,,,,,0.06180040090544684,0.08273139759746474,0.05751390620060671,,,,,,
1991-04-30,1.4403,,,,,,,,,0.06003621344405942,0.08273139759746474,0.05524547422597851,,,,,,
1991-05-31,1.4527,,,,,,,,,0.0588583570063537,0.07696104113612832,0.055529309792480296,,,,,,
1991-06-30,1.5292,,,,,,,,,0.06003621344405942,0.07696104113612832,0.055529309792480296,,,,,,
1991-07-31,1.5501,,,,,,,,,0.0588583570063537,0.076382169918806,0.055434706888100586,,,,,,
1991-08-31,1.5208,,,,,,,,,0.05531644067070769,0.0775395774554179,0.053445975705626037,,,,,,
1991-09-30,1.4843,,,,,,,,,0.05472489968924655,0.07927318089450787,0.05126329393754153,,,,,,
1991-10-31,1.4791,,,,,,,,,0.05116828657439943,0.08042724911261456,0.048409139207687545,,,,,,
1991-11-30,1.4374,,,,,,,,,0.048790164169432,0.07811777926395203,0.04372976286132523,,,,,,
1991-12-31,1.3877,,,,,,,,,0.04162167469081947,0.07869564694833665,0.03883602378519813,,,,,,
1992-01-31,1.4018,,,,,,,,,0.0410219745229214,0.07232066157962612,0.03864362359220443,0.07012289943147178,,,,,
1992-02-29,1.455,,,,,,,,,0.04162167469081947,0.07406332830005702,0.03950913309471249,0.07306457085700514,,,,,
1992-03-31,1.5081,,,,,,,,,0.042745168035992015,0.08560413729214832,0.040661981718889635,,,,,,
1992-04-30,1.5156,,,,,,,,,0.039821494186671594,0.0850302491845755,0.03719944098910626,0.08297072453761552,,,,,
1992-05-31,1.4903,,,,,,,,,0.039821494186671594,0.09018342405797924,0.03719944098910626,0.0866546467022795,,,,,
1992-06-30,1.4266,,,,,,,,,0.03861957096505507,0.08846864798760816,0.03584965289369722,,,,,,
1992-07-31,1.3332,,,,,,,,,0.03379737958329067,0.08273139759746474,0.03198304585305077,0.08159842000225741,,,,,
1992-08-31,1.3002,,,,,,,,,0.0344014267173324,0.07580296341550066,0.03178932248940734,0.0759605408025448,,,,,
1992-09-30,1.2777,,,,,,,,,0.03213441454151124,0.0675126565090953,0.02712866738825262,,,,,,
1992-10-31,1.3122,,,,,,,,,0.0350051091986903,0.06180040090544684,0.029850021968885296,0.058844214301749784,,,,,
1992-11-30,1.4281,,,,,,,,,0.039220713153281295,0.06488030647230868,0.03324133377980188,0.06203539091945264,,,,,
1992-12-31,1.422,,,,,,,,,0.03379737958329067,0.05826890812397577,0.03101405352916946,,,,,,
1993-01-31,1.4764,,,,,,,,,0.03198304585305077,0.05294817431809569,0.029170377299779858,0.05356920254269124,,,,,
1993-02-28,1.5169,,,,,,,,,0.0316046691928843,0.05354076692802982,0.029655884907510657,0.05333221437677101,,,,,
1993-03-31,1.52,,,,,,,,,0.03198304585305077,0.050574285962933396,0.02907324748570709,0.04982772095927372,,,,,
1993-04-30,1.4586,,,,,,,,,0.031377535692255404,0.049979932305020756,0.029267497680568084,0.04781826345547547,,,,,
1993-05-31,1.4482,,,,,,,,,0.03319296735576402,0.05027715329101026,0.030820142339886263,0.0468931278380588,,,,,
1993-06-30,1.4722,,,,,,,,,0.03258818959315157,0.04908773893728775,0.03052920503482287,0.048475829057040835,,,,,
1993-07-31,1.5149,,,,,,,,,0.03258818959315157,0.0458095360312942,0.03052920503482287,0.0434042576072856,,,,,
1993-08-31,1.498,,,,,,,,,0.03198304585305077,0.04700285359533625,0.030335199796072944,0.043911616718324574,,,,,
1993-09-30,1.4192,,,,,,,,,0.03319296735576402,0.046406372814155744,0.02936460862990393,,,,,,
1993-10-31,1.4394,,,,,,,,,0.03379737958329067,0.04461479275895137,0.03052920503482287,0.042014882746101254,,,,,
1993-11-30,1.4964,,,,,,,,,0.0344014267173324,0.04401688541677433,0.03159556158975056,0.04150656015172607,,,,,
1993-12-31,1.464,,,,,,,,,0.03319296735576402,0.0404219144989154,0.030238183060609995,,,,,,
1994-01-31,1.4711,,,,,,,,,0.03198304585305077,0.03997168110624976,0.03004412134837667,0.037315052380810815,,,,,
1994-02-28,1.4576,,,,,,,,,0.03681397312271631,0.040872041267895766,0.034111529628767866,0.03782550953998036,,,,,
1994-03-31,1.4301,,,,,,,,,0.03861957096505507,0.0410219745229214,0.03498096889524552,0.03828758561747492,,,,,
1994-04-30,1.4383,,,,,,,,,0.042221015433962464,0.039220713153281295,0.03893221000178747,0.03746918011447495,,,,,
1994-05-31,1.413,,,,,,,,,0.04521234282154802,0.04162167469081947,0.04219704869978836,0.04026824122719716,,,,,
1994-06-30,1.3757,,,,,,,,,0.04759897879927888,0.04237084243581957,0.0417175933518685,0.040969183687398186,,,,,
1994-07-31,1.3248,,,,,,,,,0.04759897879927888,0.042819997182928185,0.042963699432115664,0.04139143235974996,,,,,
1994-08-31,1.3173,,,,,,,,,0.048790164169432,0.042221015433962464,0.04573789167385374,0.040969183687398186,,,,,
1994-09-30,1.292,,,,,,,,,0.05354076692802982,0.0410219745229214,0.046883585898850416,0.03805657426801508,,,,,
1994-10-31,1.2648,,,,,,,,,0.05472489968924655,0.039821494186671594,0.05069311431551812,0.03836457754298477,,,,,
1994-11-30,1.2941,,,,,,,,,0.06003621344405942,0.0393709903226403,0.05562390374799708,0.037276516735333984,,,,,
1994-12-31,1.3289,,,,,,,,,0.06297479916138844,0.042071261860760815,0.05524547422597851,0.03980707966836851,,,,,
1995-01-31,1.2866,,,,,,,,,0.06121268416798916,0.039220713153281295,0.05826890812397577,0.03817208661352543,,,,,
1995-02-28,1.2705,,,,,,,,,0.06062462181643484,0.03801806718752089,0.05770271012828925,0.03607152890450505,,,,,
1995-03-31,1.1714,,,,,,,,,0.06062462181643484,0.0344014267173324,0.05713619137080915,0.033782877967568736,,,,,
1995-04-30,1.1342,,,,,,,,,0.06003621344405942,0.0344014267173324,0.05704174036719702,0.03245750954853438,,,,,
1995-05-31,1.1663,,,,,,,,,0.0588583570063537,0.03213441454151124,0.056474846927978946,0.030276990884272117,,,,,
1995-06-30,1.1575,,,,,,,,,0.05882149127083969,0.030771658666753687,0.05448818528406972,0.028636046536332112,,,,,
1995-07-31,1.1558,,,,,,,,,0.0570889669841271,0.02697663636740241,0.05448818528406972,0.02406802733370045,,,,,
1995-08-31,1.198,,,,,,,,,0.057162730497298496,0.028344473009142515,0.053066720936692235,0.026525078939354997,,,,,
1995-09-30,1.1891,,,,,,,,,0.05782664052675762,0.024540210733896065,0.05259245011917059,0.022651506559737238,,,,,
1995-10-31,1.145,,,,,,,,,0.05767911158667803,0.02056831447507684,0.05335117549699458,0.01905725153345728,,,,,
1995-11-30,1.1419,,,,,,,,,0.0570889669841271,0.02102736719207559,0.05335117549699458,0.01866472522915529,,,,,
1995-12-31,1.1639,,,,,,,,,0.05472489968924655,0.017962700374172524,0.04974209189481407,0.01696527247601946,,,,,
1996-01-31,1.18,,,,,,,,,0.05235523033392816,0.017502238331141323,0.049266241302918054,0.014898464661966654,,,,,
1996-02-29,1.1952,,,,,,,,,0.051687771571194405,0.016119381879883293,0.048980622221621854,0.014307162696398265,,,,,
1996-03-31,1.1962,,,,,,,,,0.0532815864242333,0.017809269328602398,0.05002749359964816,0.015686323794121614,,,,,
1996-04-30,1.2189,,,,,,,,,0.05339269909449126,0.01857638557293541,0.050122609403210616,0.015292471818293641,,,,,
1996-05-31,1.2533,,,,,,,,,0.05354076692802982,0.025911381784500927,0.05050298217310676,0.01992026743513075,,,,,
1996-06-30,1.2561,,,,,,,,,0.054318000348889665,0.02530218286221829,0.05050298217310676,0.024770658325211713,,,,,
1996-07-31,1.2334,,,,,,,,,0.05520554155888456,0.02530218286221829,0.051833148640017285,0.023169502026642474,,,,,
1996-08-31,1.2022,,,,,,,,,0.054133008579927464,0.02148630715065787,0.05154826188057661,0.019214218923804288,,,,,
1996-09-30,1.2309,,,,,,,,,0.05472489968924655,0.014888612493750654,0.050122609403210616,0.014464877410522263,,,,,
1996-10-31,1.2574,,,,,,,,,0.05354076692802982,0.017962700374172524,0.05040790254384569,0.013646462033850953,,,,,
1996-11-30,1.2738,,,,,,,,,0.05354076692802982,0.020415184742592508,0.05002749359964816,0.012422519998557155,,,,,
1996-12-31,1.3271,,,,,,,,,0.054133008579927464,0.01857638557293541,0.05078816683210506,0.01672928195387683,,,,,
1997-01-31,1.3925,,,,,,,,,0.054133008579927464,0.017195113036694014,0.050217716160617425,0.015489417196129859,,,,,
1997-02-28,1.4526,,,,,,,,,0.05391093537406076,0.017348638334613004,0.05088321031456979,0.015095487645334927,,,,,
1997-03-31,1.4653,,,,,,,,,0.05612926222282566,0.01857638557293541,0.05211795426210667,0.017328982121774895,,,,,
1997-04-30,1.4599,,,,,,,,,0.05653542537848483,0.017962700374172524,0.051453281588915704,0.01631616448493607,,,,,
1997-05-31,1.4324,,,,,,,,,0.05649847390526271,0.011187189390564393,0.048409139207687545,0.01222496962256897,,,,,
1997-06-30,1.4411,,,,,,,,,0.05620309655855745,0.014272659286718607,0.05116828657439943,0.011869280570089579,,,,,
1997-07-31,1.4802,,,,,,,,,0.05550121366417696,0.015504186535965254,0.05116828657439943,0.012935968408273112,,,,,
1997-08-31,1.5145,,,,,,,,,0.05561207999289056,0.013656326447485625,0.05107327018400062,0.012303994456164041,,,,,
1997-09-30,1.472,,,,,,,,,0.056092295737950784,0.015811831516087428,0.049361429537724114,0.012560782044858174,,,,,
1997-10-31,1.4523,,,,,,,,,0.05590763193829599,0.01941961277901276,0.05078816683210506,0.01576507557838243,,,,,
1997-11-30,1.407,,,,,,,,,0.057347162692429836,0.019113075884750377,0.05088321031456979,0.01705375456582752,,,,,
1997-12-31,1.4387,,,,,,,,,0.05649847390526271,0.014888612493750654,0.05221287144693424,0.01372537461847633,,,,,
1998-01-31,1.4739,,,,,,,,,0.05472489968924655,0.011805045449762526,0.05059805276309138,0.011750689432661585,,,,,
1998-02-28,1.4637,,,,,,,,,0.05524254083787598,0.009950330853168083,0.051833148640017285,0.008761505668572752,,,,,
1998-03-31,1.4872,,,,,,,,,0.05553820200533307,0.014734709025603683,0.050312813873589095,0.011829751753577198,,,,,
1998-04-30,1.5054,,,,,,,,,0.05561207999289056,0.015196446881282388,0.048790164169432,0.011206966698082393,,,,,
1998-05-31,1.4784,,,,,,,,,0.05531644067070769,0.016734198991165194,0.04907583764659264,0.014583147124743089,,,,,
1998-06-30,1.4935,,,,,,,,,0.05561207999289056,0.0213333179363927,0.04974209189481407,0.018429135468367195,,,,,
1998-07-31,1.5133,,,,,,,,,0.05531644067070769,0.01922805049383338,0.04974209189481407,0.018703984793771757,,,,,
1998-08-31,1.4939,,,,,,,,,0.05472489968924655,0.016004049276074687,0.048409139207687545,0.014701402852892724,,,,,
1998-09-30,1.4022,,,,,,,,,0.0517619345585895,0.015619576801329428,0.04277209184386899,0.01281750371061443,,,,,
1998-10-31,1.3376,,,,,,,,,0.05087874347319261,0.012484246488499903,0.04238876649178662,0.009474970362518122,,,,,
1998-11-30,1.3833,,,,,,,,,0.05147854722718359,0.017348638334613004,0.044686517622406025,0.012383013045328248,,,,,
1998-12-31,1.3588,,,,,,,,,0.04941501652757725,0.01398455863998975,0.04382547954002957,0.012422519998557155,,,,,
1999-01-31,1.3824,,,,,,,,,0.04849993157983782,0.012636521789898311,0.04382547954002957,0.009474970362518122,,,,,
1999-02-28,1.4256,,,,,,,,,0.049040132924639365,0.012537772615978342,0.04554681495597039,0.01065305418231248,,,,,
1999-03-31,1.4647,,,,,,,,,0.048790164169432,0.012406026035371996,0.04392118705792815,0.009980033382340625,,,,,
1999-04-30,1.4962,,,,,,,,,0.0486830155720832,0.009884289068497034,0.04449523988655121,0.007501791070322576,,,,,
1999-05-31,1.5071,,,,,,,,,0.049420917583618836,0.010181294278072621,0.04554681495597039,0.008255826684622875,,,,,
1999-06-30,1.5357,,,,,,,,,0.05228405342368778,0.012142678377407094,0.04669272799198229,0.01049473709264149,,,,,
1999-07-31,1.5499,,,,,,,,,0.05204676046068357,0.011170675039122896,0.046406372814155744,0.009940429814053948,,,,,
1999-08-31,1.5089,,,,,,,,,0.053730322420967785,0.010907001810416952,0.04859966983606235,0.00923720535248182,,,,,
1999-09-30,1.5246,,,,,,,,,0.05905869050337353,0.01896894654760228,0.047646653467353035,0.010336394934700833,,,,,
1999-10-31,1.4876,,,,,,,,,0.060012669906170886,0.02024370647704242,0.04993236874820901,0.01933192829949196,,,,,
1999-11-30,1.5504,,,,,,,,,0.059353225699513124,0.018445530386001996,0.05164323315183845,0.01576507557838243,,,,,
1999-12-31,1.5819,,,,,,,,,0.05828070050727553,0.018298261010314083,0.051928092860359196,0.01893950981939437,,,,,
2000-01-31,1.5854,,,,,,,,,0.05899977305259673,0.021092677176835162,0.05600219011528479,0.016857117066422903,,,,,-3.7189322
2000-02-29,1.6316,,,,,,,,,0.05929432559995493,0.024123377436046377,0.0561912796497425,0.02206477259741256,,,,,-24.863523
2000-03-31,1.6616,,,,,,,,,0.06100102155739895,0.028150043416346086,0.05713619137080915,0.026924266937859986,,,,,-13.133878
2000-04-30,1.6605,,,,,,,,,0.06299827306427798,0.031918443282088114,0.0565693514878943,0.02715786404231814,,,,,-46.535152
2000-05-31,1.7164,,,,,,,,,0.06637277536426071,0.031110995025052664,0.05477223584697946,0.02848055123489244,,,,,-121.9173
2000-06-30,1.6419,,,,,,0.023473332985641863,,0.01577295041571786,0.06550099531066943,0.033402570538630764,0.05713619137080915,0.0314017631395316,,,,,-69.133881
2000-07-31,1.6488,,,,,,0.024638952614115358,,0.01790966029353917,0.06505601221596298,0.03382154847551067,0.060812839396512414,0.03195398974085339,,,,,-46.553368
2000-08-31,1.7154,,,,,,0.02754998981170816,,0.019947714809693068,0.06466351332572215,0.03427262615236434,0.06118916831242245,0.032263878086689575,,,,,-22.024918
2000-09-30,1.7552,,,,,,0.02883135324865351,,0.022396319589900265,0.0658930720690943,0.03522234570976077,0.06043636880383069,0.03238006146291554,,,,,-31.144808
2000-10-31,1.7685,,,,,,0.0290703334455215,,0.02430522049056983,0.06541313854823202,0.03432094038660714,0.06184740332608015,0.032651103524494504,,,,,-17.044323
2000-11-30,1.7767,,,,,,0.029523850174417342,,0.025592695199337254,0.06499154350744003,0.03419203281528306,0.060248080345356884,0.032651103524494504,,,,,-37.552158
2000-12-31,1.6874,,,,,,0.03003732850628548,,0.02766185854991142,0.06202364273014219,0.033144598592302024,0.05723063345427171,0.03151804671654546,,,,,-19.579905
2001-01-31,1.6291,,,,,,0.03131647992166658,,0.02854761154886675,0.0527940427012463,0.03362818097998405,0.04869492153875855,0.03151804671654546,,,,,-23.004406
2001-02-28,1.6661,,,,,,0.032345207867376366,,0.030022772260709714,0.049290039211083055,0.03370872308544367,0.04736057135983758,0.032186415002651805,,,,,-20.288342
2001-03-31,1.6878,,,,,,0.03274595089288989,,0.030755173682392233,0.047634735013414746,0.03270917440970469,0.042101176018635396,0.0305486034887667,,,,,-35.646603
2001-04-30,1.712,,,,,,0.03155777383966262,,0.030886076363223644,0.042448670764776326,0.03125638965055415,0.038739828315930556,0.028597174977674895,,,,,-27.823338
2001-05-31,1.7519,,,,,,0.031028595352665913,,0.03120501929792415,0.03912455468405004,0.03154711549812953,0.035656677208034684,0.029063533985398605,,,,,-18.34569
2001-06-30,1.7827,,,,,,0.030752264539294877,,0.03140563947662564,0.03764495306443372,0.031853933402174225,0.03584965289369722,0.029966486117469906,,,,,-9.8615694
2001-07-31,1.7602,,,,,,0.031565525289426,,0.03173119816145352,0.03604259134692935,0.0314017631395316,0.03478782548566393,0.029490838767031242,,,,,2.7643394
2001-08-31,1.6799,,,,,,0.0320082271340626,,0.03205084016513395,0.03403904222342279,0.031078714550573417,0.033144598592302024,0.029850021968885296,,,,,-2.5192056
2001-09-30,1.6386,,,,,,0.03012175055252224,,0.03144052583431899,0.02557027611153001,0.02257652158969144,0.023716526617316044,0.020116303584824444,,,,,-20.03043
2001-10-31,1.6329,,,,,,0.02624360430259794,,0.03001694970315129,0.021761491781512692,0.020684591192832683,0.02029270326776243,0.019724192847729763,,,,,-13.574446
2001-11-30,1.6509,,,,,,0.021932709999549323,,0.02858745685191255,0.020115127482517654,0.019835273822099618,0.017643435172595243,0.01929269338040895,,,,,-20.386473
2001-12-31,1.6498,,,,,,0.018062879518137127,,0.026417952603216714,0.01863773338437148,0.018216369854807686,0.01725035340652759,0.016394866685686984,,,,,-13.336312
2002-01-31,1.6681,,,,,,0.01562528689532842,,0.024640903936428926,0.01862546412316489,0.016824373167515432,0.017446913603720644,0.01576507557838243,,,,,-13.645159
2002-02-28,1.6979,,,,,,0.013582340973266641,,0.022860691745105965,0.018821754240587758,0.017233938882189423,0.0177416814761571,0.015410643699432075,,,,,-10.11167
2002-03-31,1.6753,,,,,,0.013746088140116044,,0.020797230553552,0.02009670169912241,0.01621777802283388,0.0177416814761571,0.015174285970911283,,,,,-17.728153
2002-04-30,1.6549,,,,,,0.01402912994392668,,0.01873735421188091,0.019018005835761846,0.015578029963318417,0.017545179215748816,0.014307162696398265,,,,,-16.13146
2002-05-31,1.5876,,,,,,0.01274839282216645,,0.016149885719679496,0.018784952778338842,0.012241466572337665,0.01725035340652759,0.01144426388425805,,,,,-23.268532
2002-06-30,1.5408,,,,,,0.011352317906903931,,0.014504302202807995,0.018429135468367195,0.012356641285392506,0.016857117066422903,0.01073220332902706,,,,,-9.7686481
2002-07-31,1.474,,,,,,0.009942410029719235,,0.013238976730489307,0.018073191507371505,0.00818312670298405,0.016955440649413473,0.00551476568802405,,,,,-3.9560149
2002-08-31,1.4977,,,,,,0.008171521987561546,,0.01152730459798139,0.017901311135686746,0.007488590383708023,0.016758783814954707,0.00568381646829767,,,,,0.69075876
2002-09-30,1.4938,,,,,,0.006812740493159609,,0.010628318789179247,0.0177416814761571,0.007455439018940721,0.015578029963318417,0.005474984880269503,,,,,-12.363184
2002-10-31,1.4929,,,,,,0.005549572596701693,,0.009854286637109624,0.016721906352611636,0.007405809173208879,0.014297304700824425,0.0049377890296238005,,,,,-7.1287227
2002-11-30,1.4651,,,,,,0.005547583663128098,,0.008888381045404221,0.014149423104419565,0.0074223858156381274,0.012126179797840565,0.004390348301292895,,,,,-15.32168
2002-12-31,1.441,,,,,,0.005131809710847041,,0.0077379844284328385,0.013705647056111932,0.006147763715271158,0.012126179797840565,0.002756198193717001,,,,,-7.5687208
2003-01-31,1.3759,,,,,,0.0049238578912406015,,0.006809760857479662,0.013409686909917676,0.006015172521358587,0.011730922875698666,0.0023871484924982097,,,,,-0.75969434
2003-02-28,1.3616,,,,,,0.00490296081976539,,0.0062176304125234,0.01331101405967234,0.005700421679938186,0.011928570865273802,0.003992021269537453,,,,,-3.5117035
2003-03-31,1.3592,,,,,,0.003999989365282134,,0.005340712969502809,0.012706430309494404,0.0031284014453152793,0.011335509663745602,0.0016985566355814774,,,,,-8.266819
2003-04-30,1.3773,,,,,,0.0026953642399749267,,0.004419220843457523,0.013014937077494654,0.0030785563787254083,0.011236631925987681,0.001319129565897811,,,,,-15.702844
2003-05-31,1.3097,,,,,,0.0013291163334309128,,0.003931262451646306,0.012718772407774689,0.0028127405338978628,0.011038847115216341,0.001399020913707341,,,,,-4.3867216
2003-06-30,1.3189,,,,,,0.0011633230772411392,,0.0034480486420563426,0.011100659070904484,0.0028791512633434204,0.008959741371471904,0.0011892925112188086,,,,,-18.08186
2003-07-31,1.3601,,,,,,0.0011413484140269398,,0.0029287071474093456,0.011082165334322117,0.002862598851527014,0.009554212804811658,0.000989510273193041,,,,,-18.075607
2003-08-31,1.3816,,,,,,0.0010474512313728822,,0.00242904747405981,0.011335509663745602,0.0026631506641639985,0.00975229144267827,0.0011892925112188086,,,,,-11.704527
2003-09-30,1.3788,,,,,,0.0009385594152844608,,0.0020099786388649587,0.01153323581367303,0.002538475343472228,0.009455158770755133,0.001199280575482097,,,,,-17.234547
2003-10-31,1.3224,,,,,,0.0008756165359266785,,0.0015547906862988855,0.011625955912026717,0.002488600862567955,0.009554212804811658,0.0011892925112188086,,,,,-17.575962
2003-11-30,1.3318,,,,,,0.0009275696742076453,,0.0011013932437227,0.011650666640823473,0.0026631506641639985,0.009257021262676763,0.0013490895692955193,,,,,-14.007181
2003-12-31,1.2664,,,,,,0.0010044953256035424,,0.0010334657902168972,0.011452963710973377,0.0025966258472659783,0.009455158770755133,0.0010594385966899815,,,,,-19.145922
2004-01-31,1.2417,,,,,,0.0010194801534656125,,0.0010144852357943327,0.011236631925987681,0.0024636626892858603,0.009157937784765629,0.0011493392565214836,,,,,-15.423786
2004-02-29,1.2436,,,,,,0.0012362355458549088,,0.0010714258183118764,0.011137744410455926,0.002579969015942492,0.009554212804811658,0.0014988761237358919,,,,,-4.5380793
2004-03-31,1.2767,,,,,,0.0013381043389376248,,0.0010884074696380266,0.011038847115216341,0.002496880198587199,0.009455158770755133,0.0013490895692955193,,,,,-8.8202038
2004-04-30,1.2965,,,,,,0.0013470922636608198,,0.0010814150598987703,0.011730922875698666,0.0027130164404642917,0.00975229144267827,0.0018183458067836558,,,,,-15.514239
2004-05-31,1.2828,,,,,,0.0011503381073436126,,0.0011053888325925926,0.013064289329201154,0.0025966258472659783,0.010742096531902109,0.0016985566355814774,,,,,-24.234856
2004-06-30,1.251,,,,,,0.0012921647953688712,,0.001206272161108824,0.015971769509698662,0.00497092445755372,0.013212331472134813,0.0032845997912162627,,,,,-25.074297
2004-07-31,1.2438,,,,,,0.0017814123424155092,,0.0013830431547474727,0.016857117066422903,0.005286004429237356,0.014395880283732381,0.004191204618468071,,,,,-11.210115
2004-08-31,1.2629,,,,,,0.0020987959860489813,,0.0014968791172486156,0.017839918128331002,0.006180859075081115,0.015774919115362215,0.0044699946714516796,,,,,-13.431956
2004-09-30,1.2631,,,,,,0.0024160789292650272,,0.001690570180609068,0.019998686506689126,0.006975613736425241,0.016955440649413473,0.005842896983258618,,,,,-25.100607
2004-10-31,1.235,,,,,,0.0032556944705919486,,0.0021287326400912686,0.021467906615240923,0.007240424748351841,0.01891988485251087,0.005882663158155495,,,,,-1.1517056
2004-11-30,1.1732,,,,,,0.004009949395680229,,0.0024160789292650272,0.023814178099254877,0.007372754329413085,0.022054990780831327,0.006319986744817693,,,,,2.0161219
2004-12-31,1.1453,,,,,,0.004911916761012485,,0.002896800219914135,0.025320512980631368,0.007141141247510222,0.02195716735204214,0.006319986744817693,,,,,10.834259
2005-01-31,1.1777,,,,,,0.005200454166913938,,0.0034221378012580747,0.02712866738825262,0.007472014838700995,0.024790168807218783,0.006637920180183328,,,,,16.656494
2005-02-28,1.1907,,,,,,0.005560511660646102,,0.003881457388652528,0.02878180142545205,0.0075546913216508055,0.02722598625359146,0.00706498412211794,,,,,-3.4004707
2005-03-31,1.1727,,,,,,0.005986047812783781,,0.004424198783715282,0.030723172642840583,0.007720123015138113,0.027517886036739245,0.006916029041729519,,,,,0.7455644
2005-04-30,1.1949,,,,,,0.006159988255021115,,0.004875097378489271,0.03159556158975056,0.007571265496318075,0.02858745685191255,0.00600195219563442,,,,,4.9574623
2005-05-31,1.2173,,,,,,0.006386562424746414,,0.005329771500889049,0.03283014459070263,0.007472014838700995,0.029461710149619014,0.0067968490002727035,,,,,-7.226131
2005-06-30,1.2643,,,,,,0.006229555961322391,,0.005705691539765396,0.03455841922428174,0.007455439018940721,0.030820142339886263,0.006598184028227054,,,,,-5.2688079
2005-07-31,1.2937,,,,,,0.006253406632272708,,0.0058776924727725315,0.03633192924739029,0.007521641398846165,0.03362818097998405,0.006478966097709124,,,,,1.8757606
2005-08-31,1.2623,,,,,,0.006292162759347969,,0.006093397488551693,0.03796993125162867,0.007571265496318075,0.03459464476449906,0.00675711916315981,,,,,-4.6518626
2005-09-30,1.2638,,,,,,0.006316011937148694,,0.0061907974077271295,0.03984551792212338,0.00786895837869518,0.03488440185350179,0.006836577258988351,,,,,-36.458012
2005-10-31,1.288,,,,,,0.006318993044381608,,0.006254400397884143,0.0417175933518685,0.008464078412129412,0.039028386967478346,0.0074223858156381274,,,,,-31.110754
2005-11-30,1.3098,,,,,,0.00629017530219009,,0.006332904760630518,0.04325104199431493,0.01004933585300144,0.038739828315930556,0.008642545381341635,,,,,-38.161026
2005-12-31,1.3047,,,,,,0.00588763381883087,,0.006155018947946252,0.044363715216518426,0.01004933585300144,0.03998964821615847,0.008959741371471904,,,,,-13.236357
2006-01-31,1.2779,,,,,,0.0061500496161772545,,0.006250425329512963,0.04573789167385374,0.010189609154524987,0.04372976286132523,0.009118301644527774,,,,,18.28203
2006-02-28,1.3041,,,,,,0.006842536361666686,,0.006483933795255835,0.04709825751173937,0.01168970834779907,0.04516455195437364,0.009950330853168083,,,,,5.8978701
2006-03-31,1.3047,,,,,,0.008003883297151241,,0.0067352670799104486,0.048790164169432,0.012414322434093015,0.04526013140486457,0.01085091530423696,,,,,21.693359
2006-04-30,1.2834,,,,,,0.009116319796275913,,0.0071980318993737896,0.05002749359964816,0.01331101405967234,0.046597285376782184,0.011404718263436083,,,,,23.473009
2006-05-31,1.2188,,,,,,0.009484876011214373,,0.007564318270915815,0.051055501116971665,0.014132957600365002,0.04745594115629536,0.012521280553671747,,,,,4.7284617
2006-06-30,1.2324,,,,,,0.010598635509768358,,0.008174497568456928,0.053357148175403823,0.015085637418040853,0.048885397729810626,0.013172855710247481,,,,,7.1115274
2006-07-31,1.2363,,,,,,0.011186200514920943,,0.00883683986498084,0.053214931859027495,0.015381102038302324,0.04974209189481407,0.013251805675747881,,,,,18.717804
2006-08-31,1.2305,,,,,,0.01240869274246726,,0.009623544791151316,0.05256873067278135,0.016660440893107243,0.049266241302918054,0.014070543976781816,,,,,24.888355
2006-09-30,1.2433,,,,,,0.013542879815372494,,0.010755946851498454,0.05230777962334487,0.01794629753860317,0.04774199598542116,0.01556818448805263,,,,,7.8727484
2006-10-31,1.26,,,,,,0.014566393098972046,,0.011666678867048107,0.05231375853685578,0.018429135468367195,0.04955177882924775,0.016670275620513268,,,,,27.027912
2006-11-30,1.2358,,,,,,0.015847758277665304,,0.012611144183205712,0.05230777962334487,0.01931231103237281,0.04907583764659264,0.01697510420596158,,,,,6.5612845
2006-12-31,1.2078,,,,,,0.016802051636878968,,0.013720442764370426,0.05221287144693424,0.020807024680993262,0.048980622221621854,0.01862546412316489,,,,,10.96942
2007-01-31,1.2439,,,,,,0.01767782247680592,,0.014532884205314314,0.05221287144693424,0.021663639636026324,0.04993236874820901,0.019763410840950072,,,,,10.673806
2007-02-28,1.2402,,,,,,0.018335865852840385,,0.015572122689790958,0.0521002037486109,0.02195716735204214,0.050312813873589095,0.02019470728551928,,,,,-2.071763
2007-03-31,1.218,,,,,,0.01880703381820951,,0.01643913395177245,0.05211795426210667,0.022690609919698422,0.04917104400644938,0.020782539182528502,,,,,0.44605881
2007-04-30,1.2116,,,,,,0.01940254727483998,,0.01728573709347215,0.052165413980679455,0.02322812611920717,0.0479326537553028,0.021761491781512692,,,,,-14.712674
2007-05-31,1.221,,,,,,0.019905563174570984,,0.01811885761009429,0.05221287144693424,0.02439988682353518,0.04621542379696299,0.02195716735204214,,,,,-34.023472
2007-06-30,1.2332,,,,,,0.021091991786848018,,0.018976796195447492,0.05221287144693424,0.02664193094642118,0.04707440738592883,0.02402897779936118,,,,,-9.2444334
2007-07-31,1.2076,,,,,,0.0221303083004556,,0.019839881504193874,0.052200153066891214,0.026714956517574454,0.048409139207687545,0.02445843883237374,,,,,-1.4409266
2007-08-31,1.2027,,,,,,0.02257525060953648,,0.020409305974547123,0.054689396100421714,0.02855509481223241,0.03931686237695038,0.02445843883237374,,,,,-125.91901
2007-09-30,1.1861,,,,,,0.021997276115274238,,0.020753155792956515,0.05096636595227296,0.027469241989544927,0.03748844441099159,0.019881055593149448,,,,,-83.768738
2007-10-31,1.1742,,,,,,0.020683611664485377,,0.020857952597435475,0.047777747086260945,0.02716107562222422,0.03864362359220443,0.01878249929936699,,,,,-64.507538
2007-11-30,1.1234,,,,,,0.02000162710224795,,0.02095490434638876,0.05003938356986393,0.02708000440374218,0.03101405352916946,0.020312301311878257,,,,,-155.57643
2007-12-31,1.1391,,,,,,0.019525137819143508,,0.020973510172656903,0.04595280934927175,0.027193580123224606,0.033047854046200344,0.02023390683080957,,,,,-146.89587
2008-01-31,1.1008,1.0972,1.0951,0.013102832462524328,0.010383009794731581,,0.019771254255031397,,0.020973510172656903,0.030644426330639036,0.026187397281897645,0.019410393519823325,0.020635613600071576,,,-86.45803413782937,-143.2805254277258,-102.5547
2008-02-29,1.0908,1.0897,1.0893,0.004035771954372527,0.002752167766067387,,0.02075217633176791,,0.02123982932052146,0.030116898903810706,0.027582773512199985,0.01833095668472346,0.02082171569229826,,,-15.016465627618055,-65.26530961947327,-83.851524
2008-03-31,1.012,1.0118,1.0126,0.0007905919583005342,-0.0011854193767956592,,0.02143267060246618,,0.021082200450026928,0.026526344909261042,0.02844167363130302,0.013705647056111932,0.015725700461482462,,,-27.059206803425134,-28.10645363671064,-81.857971
2008-04-30,1.0125,1.0119,1.0123,0.0023710729799193576,0.0003951007519762884,,0.020481808365198247,,0.020415184742592508,0.02810143011087481,0.02769619487853349,0.014198719399812949,0.014908316733118392,,,-19.658377475780373,-30.80670313224801,-141.78735
2008-05-31,1.0435,1.0429000000000002,1.0431000000000001,0.002300613560352659,0.0007667976706600871,,0.018527304613883622,,0.019859488424653144,0.02645330556283528,0.02739627148175943,0.018723613998102594,0.01474081832149848,,,-32.435794792768085,16.821821162514546,-76.139923
2008-06-30,1.0373,1.0366000000000002,1.0358,0.0027002267287044614,0.002894216895982676,,0.01768175237913803,,0.019634966183017216,0.02745104850789919,0.027517886036739245,0.018821754240587758,0.01772203298761645,,,-27.670642575445164,-16.00505475733153,-94.98362
2008-07-31,1.0261,1.0252000000000001,1.0242,0.003509969512989358,0.003706775679427079,,0.018018684074090945,,0.019507485706969762,0.027530046678821293,0.02718540543798643,0.016660440893107243,0.01403110207962145,,,-31.653282721544958,-8.806306995035651,-60.507957
2008-08-31,1.0839,1.0830000000000002,1.0817,0.0033227192828538944,0.00406354037092062,,0.01844975178834499,,0.01933683255614153,0.027718566356339777,0.02708000440374218,0.01705375456582752,0.015095487645334927,,,-26.84157330256297,-13.644523623613006,-82.338722
2008-09-30,1.1097,1.1067,1.105,0.010828376943113172,0.008488747109329444,,0.018181706470390174,,0.019171055347577577,0.03972539347304985,0.029121813572018568,0.009157937784765629,3.9999200021332696e-05,,,-2.2479704208189233,-17.10438358368876,-317.71066
2008-10-31,1.1421,1.1378,1.1354,0.015088398960057052,0.011767322639870934,,0.014565407559302844,,0.017774100638242488,0.029813624140618368,0.026820396033238412,0.0045894523338072864,0.0,,,-120.95170852677096,-104.98946626249766,-166.4931
2008-11-30,1.1894,1.1861,1.1826,0.011113456949053033,0.011467147771527384,,0.009476951500107139,,0.015552431526003161,0.021926644483563205,0.012471901495320353,9.999500033330834e-05,0.003473958811500334,,,-16.587139608101804,-144.87420760220058,-249.2393
2008-12-31,1.1463,1.1420000000000001,1.1373000000000002,0.015033011620033463,0.015764663861130013,,0.003532752475154735,,0.013063302308035965,0.014149423104419565,0.006594905725183996,0.0010993954433009636,0.0,,,-74.78494240797895,-139.336161767325,-33.50156
2009-01-31,1.1287,1.1271,1.1249,0.005674262854190939,0.006744770325600853,,0.0009305668882971514,,0.011297937275096351,0.011774211126335305,0.00525287944014543,0.0023971245997214934,0.0,,,8.470688319989362,-32.771382544694454,-52.680553
2009-02-28,1.1651,1.1627,1.1596,0.008248134205331572,0.009463604356790108,,0.0003159500825156732,,0.00945713994759399,0.012564534605363527,0.0049377890296238005,0.0025966258472659783,0.0,,,-6.213886295918453,-56.51508358065594,-69.962326
2009-03-31,1.1553,1.1526,1.149,0.009359161945627375,0.010936103280434465,,0.00028096052689445533,,0.007513701314720931,0.011848330491950951,0.004025188050190994,0.002097798082146129,0.0,,,-15.360195038674178,-72.61363863481246,-92.456093
2009-04-30,1.1482,1.1463,1.1438000000000001,0.0066245384502901265,0.007678892504641238,,0.00025596723759133177,,0.005274067622691069,0.010111209000693821,0.004025188050190994,0.001399020913707341,0.0,,,-5.385174997872989,-52.25517536582786,-82.81218
2009-05-31,1.1086,1.1072,1.1054,0.005054608489196828,0.0057813951730836316,,0.0002579667237233965,,0.0033483878871831615,0.00654106054338091,0.003975387665064363,0.001399020913707341,0.0,,,-24.889356108802815,-36.55587575489487,-68.27494
2009-06-30,1.081,1.0796999999999999,1.078,0.004813255544454435,0.0055581323405315295,,0.0002599662058575245,,0.0014649264710675336,0.005932368653108195,0.003942219232623851,0.0018981972830802527,0.0,,,-28.231061239700917,-29.150582613741825,-58.86697
2009-07-31,1.0796,1.0782999999999998,1.0766,0.004819501023292122,0.005565350033985117,,0.00023897144404982413,,0.00047588674793722937,0.004782346330594686,0.0035935355101301704,0.0017983819413793735,0.0,,,-36.30690202827606,-30.211190819127484,-30.588511
2009-08-31,1.0689,1.0679,1.0665,0.003743916409601868,0.00449564673698941,,0.00020197960074705315,,0.0002579667237233965,0.003468976138744831,0.003161696565689187,0.0014988761237358919,0.0,,,-34.36636836546224,-22.45040285865976,-37.094818
2009-09-30,1.0406,1.0398,1.0386,0.003076331626350713,0.003847634891969158,,0.00018498288961024887,,0.00024097096416499713,0.0028646928464730087,0.0028791512633434204,0.001399020913707341,0.0,,,-30.907900432211246,-16.773107126433718,-23.372223
2009-10-31,1.0216,1.0209000000000001,1.02,0.002741738173439117,0.0031347968800255377,,0.00018998195228600755,,0.00022897378350230895,0.002802369691521112,0.0026148782240775284,0.000499875041651048,0.0,,,-25.54246705995533,-22.41863131788069,-28.47489
2009-11-30,1.0123,1.0117,1.011,0.00237154157144505,0.002570059168469416,,0.00021897602300057802,,0.00022597446584707325,0.0025623144666963383,0.002496880198587199,0.0005998200719676155,0.0,,,-23.06107303335911,-17.717214994774345,-20.967463
2009-12-31,1.0283,1.0276,1.0267,0.0027238679976653874,0.0031143558604518184,,0.00025196825333332804,,0.0002319730921616652,0.002503164468117944,0.0025135384139530724,0.0005998200719676155,0.0,,,-27.342419435005155,-21.240479256977718,-34.681168
2010-01-31,1.0337,1.0331000000000001,1.0324,0.0023224308761572456,0.002516819459960751,,0.00027096328613282223,,0.000232972859715709,0.0024875035960235073,0.002496880198587199,0.0007996801705643322,0.0,,,-23.318074787209376,-15.227507055929133,-33.09549
2010-02-28,1.0715,1.0708,1.0699999999999998,0.002614013069736883,0.002801774915359701,,0.0002699635565596717,,0.0002299735540549672,0.0025137379118567484,0.002496880198587199,0.0012991557316200499,0.0,,,-25.97155356467334,-13.148573381168331,-22.071999
2010-03-31,1.0668,1.066,1.0651,0.003000750328277182,0.0031896437174785183,,0.0002509685047700916,,0.00022897378350230895,0.0029107596259615753,0.0024636626892858603,0.0015987213636970278,0.0,,,-25.53653391601467,-14.02028964580154,-28.271997
2010-04-30,1.0684,1.0673,1.0663,0.004120429263546675,0.003934980423343912,,0.0002419707227233054,,0.0002339726262702186,0.0034596086467522246,0.002455283323474123,0.0015987213636970278,0.0,,,-31.161039402685734,-25.217078998496472,-32.013947
2010-05-31,1.1284,1.1256000000000002,1.1226,0.009937893310647334,0.010306553239484628,,0.0002159766753586879,,0.00023497239182519603,0.005348172993101386,0.0010827136539758927,0.0015987213636970278,0.0,,,-56.724339715218406,-83.39171946950306,-91.62249
2010-06-30,1.1282,1.1257000000000001,1.1226,0.008873511780469573,0.009952037595553765,,0.0002419707227233054,,0.00024896900464512216,0.00532519594215115,0.001116076954348581,0.0017983819413793735,0.0,,,-46.64392792667004,-70.751298390902,-59.845592
2010-07-31,1.0549,1.0534,1.0515999999999999,0.005691790553896699,0.006266323664074085,,0.00034394084556569476,,0.0002859591097962131,0.0045272365820031805,0.0017152281547920206,0.0014988761237358919,0.0,,,-28.797821266855387,-41.92914430160807,-31.097565
2010-08-31,1.0398,1.0387,1.0375,0.004233822863398891,0.004428827689524094,,0.00043990322838529966,,0.0003089522693322644,0.002951938738505672,0.0016486402455244409,0.001399020913707341,0.0015787531132146302,,,-29.305243704176604,-44.135550629061804,-31.40769
2010-09-30,1.0023,1.0014,1.0004,0.003593352539904137,0.0037948780547130954,,0.0005648404475952437,,0.00035493700240898885,0.002895803112025565,0.0017817118084226982,0.0015987213636970278,0.0007896881142490196,,,-24.792612363012704,-27.843192904561292,-37.829113
2010-10-31,0.9685,0.9677,0.9669,0.003305443840614871,0.0033068107150975834,,0.0005368558670972706,,0.00037393007943298484,0.00285531969212431,0.0016818848384267473,0.001199280575482097,0.0,,,-21.320089869173085,-21.06163265132774,-37.275272
2010-11-30,0.9831,0.9822,0.9812,0.0036635630709374767,0.0038690639770886477,,0.0005988206711084306,,0.0004179126623372477,0.0029985997028387397,0.0017152281547920206,0.0016985566355814774,0.0003999200213269354,,,-23.80191522890758,-23.64926456682935,-63.367073
2010-12-31,0.9683,0.9670000000000001,0.9656,0.0053738446567641995,0.005584573668327463,,0.0005738353250126151,,0.00046189331085899057,0.0030235245395025907,0.0016985566355814774,0.001199280575482097,0.0003999200213269354,,,-40.48876752843086,-45.74484102609038,-36.976139
2011-01-31,0.9569,0.956,0.955,0.0037639189352634767,0.0039751046089738055,,0.0005548460444609156,,0.0004788853161209239,0.0030391770193566978,0.0016985566355814774,0.0014988761237358919,0.0007896881142490196,,,-24.23298551488256,-30.547309257766045,-27.453127
2011-02-28,0.9499,0.949,0.9480999999999999,0.003791669144835687,0.00379346794444674,,0.0004409027880792546,,0.0004928785154262898,0.0030902203469780135,0.0016985566355814774,0.0014988761237358919,0.0007896881142490196,,,-24.00005433439151,-30.824811353488148,-24.925163
2011-03-31,0.9197,0.9189999999999999,0.9183,0.0030456302118598254,0.0030467905783507173,,0.0003489391136658085,,0.0004988755409016722,0.003025418801687719,0.0017983819413793735,0.0008995952428360929,0.0007896881142490196,,,-18.185933515514797,-29.35723083272752,-35.528603
2011-04-30,0.8987,0.8982000000000001,0.8979,0.0022260560427601883,0.0017811422751297552,,0.00029995500899797546,,0.00046489192100319097,0.0027262803182828295,0.0018482908576176174,0.0003999200213269354,0.0011892925112188086,,,-13.480665820949762,-30.154285326520615,-31.959621
2011-05-31,0.8735,0.8730000000000001,0.8726,0.0022902949380358834,0.0020617377692040743,,0.0003109516495244055,,0.00044989878036475215,0.002525607965492074,0.001756756000166661,0.0005998200719676155,0.0007996801705643322,,,-15.214429727104703,-24.901550366326003,-41.247345
2011-06-30,0.8403,0.8397,0.8390000000000001,0.00285714297862035,0.0030965289339326494,,0.0003109516495244055,,0.0004139143256453062,0.0024544852849729547,0.0017484705341168844,0.00029995500899797546,0.0007896881142490196,,,-21.5112822776428,-33.46876083871395,-25.986639
2011-07-31,0.8244,0.8238,0.8228,0.0029122680572944803,0.0038853824750037596,,0.0003279462197596245,,0.00039492200803720764,0.002551741536569244,0.0017484705341168844,0.0009995003330835331,0.0,,,-21.08997054842121,-19.12767724210947,-43.919247
2011-08-31,0.7812,0.7787000000000001,0.7765,0.012821345678333753,0.01206911282756442,,0.0002449699924011411,,0.0003309452315852302,0.0032668580037945056,4.9998750041665106e-05,0.00019998000266626675,-0.007528266420791573,,,-96.04486424580912,-50.93099254875913,-116.72159
2011-09-30,0.8723,0.8698,0.8671,0.01148040510253895,0.011958182112116142,,0.00011099383995583905,,0.0002539677474613143,0.003736311287689923,0.00023327278978701286,0.00019998000266626675,-0.0065413480434222395,,,-79.7736660463604,-47.390770564504436,-74.653145
2011-10-31,0.8975,0.8956999999999999,0.8934,0.008030339525137374,0.009157422888831188,,-1.0000050000333335e-05,,0.0002059787849134885,0.004285205378509534,0.0004332061526633887,9.999500033330834e-05,-0.0005101300942339198,,,-41.78340299291228,-74.20214430570145,-63.489597
2011-11-30,0.9082,0.9064,0.9039,0.007935635800216759,0.009491767718970966,,-2.0000020000026664e-06,,0.00018498288961024887,0.005274962888124587,0.0005165665565198521,9.999500033330834e-05,-0.00316500334315657,,,-31.772394686120244,-46.7063745672688,-94.101921
2011-12-31,0.9316,0.9296,0.9272,0.008596607650156504,0.009468491969287812,,6.899761960949733e-05,,0.00016298671694340585,0.005793187040762785,0.0005165665565198521,0.00019998000266626675,-0.004711079730119185,,,-33.19987165913572,-36.85547917371052,-76.810158
2012-01-31,0.9378,0.9363,0.9343,0.006403074842569689,0.007478241713151792,,9.099585975117319e-05,,0.0001369906163570296,0.0054088457847547115,0.0006997551142733421,0.0005998200719676155,-0.0005101300942339198,,,-16.9398417208832,-52.93124676368154,-64.875694
2012-02-29,0.9119,0.9107000000000001,0.9091,0.005267201463387881,0.006150471623614765,,3.899923951977242e-05,,9.399558227684183e-05,0.004830812811827667,0.0008663246324267264,0.0007996801705643322,-0.0009904903736733394,,,-13.027132839869404,-34.77030919150209,-40.558994
2012-03-31,0.9133,0.9123,0.9109,0.004382121384818274,0.005262583893738169,,-1.2000072000576003e-05,,5.699837556172837e-05,0.004670575859848506,0.0010993954433009636,0.0006997551142733421,-0.0009904903736733394,,,-8.10940968270731,-26.918758968715924,-38.621784
2012-04-30,0.9136,0.9123,0.9107,0.005695822201268317,0.006358608655945854,,-3.1000480509930566e-05,,1.6999855501637648e-05,0.004647682770574411,0.001116076954348581,0.0009995003330835331,-0.001581249516330642,,,-21.64216385042487,-31.15072351854142,-41.241131
2012-05-31,0.9377,0.9362,0.9340999999999999,0.006403758238437006,0.007693139093553065,,-1.600012800136535e-05,,6.999975500114333e-06,0.004657636352047296,0.0009745249962273792,0.0006997551142733421,-0.006219299813916849,,,-27.20646882617089,5.1529668975318526,-62.425694
2012-06-30,0.9584,0.9562,0.9533,0.009192524676727374,0.010671155723304892,,2.2999735504055597e-05,,2.699963550656087e-05,0.00459542484235048,0.000869621769357875,0.0008995952428360929,-0.008526245344453105,,,-54.66721603734769,2.3331591056182344,-77.86908
2012-07-31,0.9766,0.9743,0.9714,0.009431548785057121,0.010677643431830882,,4.999987500041667e-06,,2.199975800354928e-05,0.004416234067408478,0.0005998200719676155,0.0010993954433009636,-0.006179051076715546,,,-56.151347896162584,-21.531022650406115,-87.072754
2012-08-31,0.9685,0.9665,0.9639,0.008268736794659769,0.009521856114256252,,-5.400145805249013e-05,,-1.1000060500443671e-05,0.004173777659210617,0.0004598942324341438,0.0008995952428360929,-0.0035262097765582333,,,-45.54853367883296,-38.42931775265443,-55.366234
2012-09-30,0.9405,0.9391,0.9374,0.005958715722068704,0.006603126504958711,,-0.00015201155317073615,,-4.7001104534608894e-05,0.003578589204732034,0.00043990322838529966,0.0009995003330835331,-0.002212445653927838,,,-28.200297457219698,-27.46769735057333,-42.227062
2012-10-31,0.9328,0.9314,0.9298,0.006007940191804211,0.006442612679487109,,-0.00016601377952495518,,-6.400204808738552e-05,0.0031226195449760847,0.0003199488109200459,0.0010993954433009636,-0.002212445653927838,,,-32.052694577481724,-26.960990945754094,-28.650829
2012-11-30,0.9392,0.9378000000000001,0.9362,0.005966969673384141,0.006398640415723525,,-0.00014301022547484022,,-7.100252061931003e-05,0.0031001894427811066,0.00029995500899797546,0.0007996801705643322,-0.0019819627913124803,,,-31.667352396010095,-31.853267115073283,-47.035614
2012-12-31,0.9216,0.9199999999999999,0.9182,0.0069504795941633946,0.007392116253010116,,-0.0001620131234173482,,-9.800480231375373e-05,0.0030553277290062703,0.00011999280057594817,0.000499875041651048,-0.0021723578616574092,,,-40.15144665733073,-42.78246690854937,-35.136555
2013-01-31,0.9241,0.923,0.9216000000000001,0.004764225564570335,0.00541800190473579,,-0.00022702576839969162,,-0.00012900832121563223,0.0029755686015288424,0.00021997580354874777,0.0006997551142733421,-0.000870378669644324,,,-20.086327665902406,-31.94091780652669,-31.655365
2013-02-28,0.9202,0.9192,0.9181,0.00434924474728897,0.004569441143427851,,-0.0002840403356370614,,-0.0001580124833149265,0.002866886550761073,0.00021997580354874777,0.0010993954433009636,-0.0010305308145239424,,,-17.023340000766446,-22.193184894640634,-29.459152
2013-03-31,0.946,0.9449,0.9436,0.004653869053192279,0.005080443036716549,,-0.00029704411323463667,,-0.00020302060728890026,0.0028220143691628052,0.00021997580354874777,0.0006997551142733421,-0.00123075707086178,,,-20.518304875782217,-27.233568680571572,-33.967873
2013-04-30,0.9377,0.9367,0.9354,0.004268032841978615,0.004911646267587313,,-0.00022602554184837761,,-0.00020602122091438894,0.0027272775952181575,0.00019998000266626675,0.000499875041651048,-0.0012507819016526292,,,-17.407352494267244,-25.17375898674938,-22.557152
2013-05-31,0.955,0.9541,0.9529,0.003771410891720067,0.0044027482531754265,,-0.00022102442409855015,,-0.00021502311581332592,0.002748718808771721,0.00015998720136516955,0.0003999200213269354,-0.00123075707086178,,,-11.826792843135157,-21.407337995313515,-25.674814
2013-06-30,0.9343,0.9334,0.9323,0.0038550091327790373,0.004285868992524013,,-0.00018001620194426247,,-0.00021202247517654774,0.0027272775952181575,0.00018998195228600755,0.0003999200213269354,-0.0013408986028415767,,,-13.177134898468873,-21.141905086105254,-16.27519
2013-07-31,0.9452,0.9444,0.9433,0.0033869604055796285,0.0040243593138905446,,-0.0001580124833149265,,-0.00020402081083032106,0.0026524790650242673,0.00017998380194373756,0.0003999200213269354,-0.0009604610951244999,,,-9.144651424990986,-20.265792891281933,-22.756865
2013-08-31,0.9264,0.9257,0.9247,0.003023594982261177,0.0036734924702758014,,-0.00010900594093171162,,-0.00020402081083032106,0.002591638801118336,0.00017998380194373756,0.00029995500899797546,-0.00044009682840404014,,,-6.119399830865785,-22.835431448591613,-17.1329
2013-09-30,0.9244,0.9237,0.9228,0.0030301392066451878,0.003464704201254322,,-0.00011000605044370327,,-0.0001950190149719865,0.0024854088110953243,0.00021997580354874777,0.00019998000266626675,-0.000820336383902438,,,-7.647061990986113,-20.09822820076483,-23.171457
2013-10-31,0.9027,0.9018999999999999,0.9010999999999999,0.0035464925297871244,0.003548066126235291,,-0.00012800819269911777,,-0.0001710146221669508,0.0024170765156048776,0.00018998195228600755,0.0003999200213269354,-0.0009504515359954482,,,-13.193979664682542,-21.961209724647407,-16.287304
2013-11-30,0.9128,0.9120999999999999,0.9113,0.0030686614470127826,0.003289294091569447,,-0.00015201155317073615,,-0.0001620131234173482,0.0023881461076990726,0.00014998875112487344,0.0005998200719676155,-0.0010305308145239424,,,-8.305040904385834,-14.383105605212247,-8.5248222
2013-12-31,0.8942,0.8934,0.8926,0.0035802195274479815,0.003581823209421609,,-0.00014501051351631885,,-0.00014501051351631885,0.0024579766987137164,0.0002299735540549672,0.0006997551142733421,-0.0008003201707691323,,,-13.522163827892324,-20.80144242405507,-5.9741421
2014-01-31,0.9035,0.9027999999999999,0.9021,0.0031002603556101837,0.003101462739380177,,-0.0001480109530807173,,-0.00014501051351631885,0.00236320542910182,0.00017998380194373756,0.00019998000266626675,-0.0009004052431641432,,,-9.17038728452101,-19.998751097797737,-11.713332
2014-02-28,0.8942,0.8935,0.8927,0.003132516801590298,0.0033577712291277127,,-0.00014301022547484022,,-0.00013500911332020804,0.002353727808134259,0.00021997580354874777,0.000499875041651048,-0.001020520554006829,,,-9.987647970047869,-16.12121205932421,-14.954453
2014-03-31,0.8811,0.8804,0.8796,0.0031791088815101664,0.0034077363841558124,,-0.00016601377952495518,,-0.00014000980091476273,0.002303345262433242,0.00021997580354874777,0.000499875041651048,-0.0010305308145239424,,,-10.957394226256724,-16.48703025335176,-16.405769
2014-04-30,0.8826,0.8819,0.8811000000000001,0.0031737037652470644,0.003401939925525306,,-0.00017801584388016834,,-0.00015101140164778032,0.002231009446619572,0.0001699855516374579,0.00029995500899797546,-0.0009204234597418969,,,-11.126798702649506,-19.53325296507192,-26.877966
2014-05-31,0.888,0.8873,0.8863,0.003154396603512207,0.0038324984956355957,,-0.0001580124833149265,,-0.00015101140164778032,0.0022714183750027397,0.00011999280057594817,0.0003999200213269354,-0.0010805836202444164,,,-10.029710290854156,-16.73892961940855,-29.71158
2014-06-30,0.896,0.8952,0.8943,0.0035730239088599637,0.003798247245590109,,-0.00018301674654310943,,-0.00016401344947049556,0.002304342961240942,7.999680017065643e-05,0.0003999200213269354,-0.0013408986028415767,,,-13.486777477896782,-18.322052846914517,-28.97563
2014-07-31,0.8969,0.8962,0.8953,0.003123083087659375,0.0035710309676942127,,-0.00021402290126730576,,-0.00018001620194426247,0.0023881461076990726,0.00017998380194373756,0.00029995500899797546,-0.0012708071334453564,,,-9.149207819040399,-15.523209452160431,-23.435297
2014-08-31,0.9098,0.9091,0.9082,0.003078784032364713,0.0035203529441059124,,-0.00022202464564762334,,-0.00017501531428669288,0.002333275793672475,0.00017998380194373756,0.00029995500899797546,-0.0004000800213397354,,,-9.254920406359755,-23.78749002027002,-35.412426
2014-09-30,0.9354,0.9345,0.9332,0.0038504735846731112,0.004709410289021753,,-0.0001580124833149265,,-0.00016901428210914027,0.0023482407233600326,5.999820007199677e-05,0.00019998000266626675,-0.0009904903736733394,,,-15.622310613850752,-26.60003208333505,-34.714233
2014-10-31,0.9526,0.9517,0.9507,0.0037809171538491695,0.00399306600355054,,-7.700296465218645e-05,,-0.00015701232579011623,0.0023183106400324464,0.00014998875112487344,9.999500033330834e-05,-0.0010705728586756465,,,-16.125952649415964,-26.103492948402145,-29.547827
2014-11-30,0.9646,0.9635,0.9622,0.004564079121801569,0.004982356739036222,,-4.600105803244645e-05,,-0.000142010082954531,0.002333275793672475,9.99995000033333e-06,0.00019998000266626675,-0.001581249516330642,,,-22.408032781294274,-27.828496028046608,-20.89794
2014-12-31,0.9759,0.9742999999999999,0.9726,0.006563430864479979,0.006774448355460053,,-4.000080002133398e-05,,-0.00012600793866685502,0.002552738987583178,-0.0006301985333884023,0.0003999200213269354,-0.0035663518796084028,,,-33.80493343508399,-25.971589635446414,-32.128208
2015-01-31,0.9422,0.9391,0.9359000000000001,0.013182385821491296,0.013417866205459825,,-0.001361927001695002,,-0.0005471496590781656,0.002527802413757408,-0.00857667475085925,0.00019998000266626675,-0.01107105863400174,,,-20.779086568746397,-19.113471848232894,-86.057877
2015-02-28,0.9353,0.9312,0.9269000000000001,0.017573025853327574,0.018043297117436463,,-0.003547284179739443,,-0.0012708071334453564,0.002615077701765151,-0.008536331022286384,0.00019998000266626675,-0.01107105863400174,,,-64.2161712927604,-63.019872166595675,-58.227592
2015-03-31,0.9798,0.9762,0.9721,0.014723943005709584,0.01577957875490235,,-0.006231374750976387,,-0.002019036883890736,0.002703841324296785,-0.008173310689161271,0.00029995500899797546,-0.010474668294021178,,,-38.46790992251528,-39.4931970269043,-56.639523
2015-04-30,0.9621,0.9584999999999999,0.9542999999999999,0.014995331526079186,0.01628061588802172,,-0.007185755814725225,,-0.0028681090955083805,0.0027836221265849317,-0.007971689655372089,9.999500033330834e-05,-0.011586869251920165,,,-42.400197441221664,-33.084672738257126,-45.339138
2015-05-31,0.9316,0.9282,0.9243,0.014625244812441728,0.01573368747890786,,-0.007237124927496255,,-0.0036034847596237893,0.0028334818959938274,-0.007911211271336075,9.999500033330834e-05,-0.01107105863400174,,,-38.805516451118244,-34.541911781066794,-38.494911
2015-06-30,0.9319,0.9287,0.9247,0.013759016038588534,0.01551230441603362,,-0.007275401668337175,,-0.004393637906703641,0.002827997443046805,-0.007921290748009732,9.999500033330834e-05,-0.010555513939516634,,,-30.09727847531998,-31.03507098738592,-36.983055
2015-07-31,0.953,0.9498,0.9459,0.01345387015672235,0.014956096870154582,,-0.007334834248388445,,-0.0052829301339630055,0.0030812480757820837,-0.0074174413278621275,0.0007996801705643322,-0.009121474449561115,,,-29.551807530781396,-35.32715536596903,-24.419046
2015-08-31,0.9681,0.965,0.9611999999999999,0.01282914554815941,0.014305767727424031,,-0.007328790095854163,,-0.006032156931792871,0.0032845997912162627,-0.0072663359920452164,0.0007996801705643322,-0.009121474449561115,,,-22.782097648979313,-29.07990928033963,-29.272383
2015-09-30,0.9716,0.9683,0.9645,0.013608962042128112,0.014668729564467345,,-0.007337856338355058,,-0.006951103036814894,0.0032447301648890546,-0.007356996453569062,0.0,-0.008445563583529906,,,-30.072354236699955,-51.633984585982056,-48.285419
2015-10-31,0.9681,0.9648,0.9611,0.013658247012419033,0.01451385179357436,,-0.007298569881147311,,-0.007258277682114514,0.0033354312594941686,-0.007346922663053451,0.0007996801705643322,-0.009555508805651466,,,-29.758930898714127,-33.03058036203234,-30.17593
2015-11-30,1.0087,1.0043,0.9994999999999999,0.0174863666459853,0.018324996240669855,,-0.007298569881147311,,-0.0072743943669128005,0.004153362834960382,-0.008354804382753635,0.0021975835434872217,-0.012781334364733107,,,-49.78199428271282,-25.074487377649714,-85.159958
2015-12-31,0.9958,0.9914000000000001,0.9867,0.017713394486435257,0.018360784689922728,,-0.007305621182893193,,-0.0072925259477957605,0.0061083062543596115,-0.007588721648675816,0.0015987213636970278,-0.009282953598916888,,,-40.16366583399829,-68.3171952382134,-25.787731
2016-01-31,1.0054,1.0014,0.9967,0.015945805450521863,0.017381858570128698,,-0.0073066285157728905,,-0.007299577206924022,0.006107312343554161,-0.007598797875330544,0.003294566949430031,-0.008445563583529906,,,-22.39695231637157,-42.05674917561925,-21.74292
2016-02-29,0.993,0.9889,0.984,0.016549799076909594,0.018209533985838407,,-0.00730864318457645,,-0.007298569881147311,0.006311043405344863,-0.008078543740172757,0.003294566949430031,-0.008960021371511105,,,-21.602119313919726,-42.95210755968457,-43.592533
2016-03-31,0.9833,0.9792,0.9744999999999999,0.016713400112195635,0.01797948567699019,,-0.007333826887095799,,-0.0073116651953922295,0.006266325508191557,-0.007318716589478053,0.002097798082146129,-0.008526245344453105,,,-31.28358014526024,-60.893566855963996,-40.02264
2016-04-30,0.964,0.9601999999999999,0.9557,0.015798794054822488,0.0172944766768232,,-0.007339871070073382,,-0.007301591861521566,0.0063458226095703665,-0.007320731282635249,0.0021975835434872217,-0.009282953598916888,,,-21.32240162616872,-43.18256912418378,-38.745907
2016-05-31,0.9772,0.9731,0.9684999999999999,0.016817950222568556,0.017885713073069746,,-0.007337856338355058,,-0.007301591861521566,0.006834590883537565,-0.007379159149923904,0.003394233068015548,-0.009555508805651466,,,-26.042001891070868,-38.68208348901541,-31.746437
2016-06-30,0.97,0.9652999999999999,0.9601999999999999,0.0194285505714364,0.020308950801177117,,-0.007358003838202115,,-0.007318716589478053,0.006519700489115625,-0.007828563394583536,0.0025966258472659783,-0.01107105863400174,,,-50.80286687737239,-57.60866090168683,-67.577728
2016-07-31,0.9821,0.977,0.9716,0.02082593648378346,0.021497878071422123,,-0.0074204636674854545,,-0.00734188580585086,0.007562333340507475,-0.007504085352954441,0.0027960873020012743,-0.01107105863400174,,,-57.595177903215465,-69.58790547780447,-68.731377
2016-08-31,0.9703,0.9652000000000001,0.9597,0.021079873121508472,0.02196913281534364,,-0.007446657660196964,,-0.007350952167081953,0.008358272120741023,-0.0073912481004218145,0.003294566949430031,-0.011263192278710728,,,-53.30352900345635,-65.22113893367712,-66.788597
2016-09-30,0.9743,0.9694,0.9639000000000001,0.020167764080079975,0.02146341928274606,,-0.007442627770505114,,-0.007366062951800402,0.008500468429231281,-0.007528266420791573,0.002895803112025565,-0.010555513939516634,,,-41.39029230057122,-67.16447028537776,-90.407692
2016-10-31,0.9867,0.9814,0.976,0.021543672829271544,0.02180691090005714,,-0.007406359494060305,,-0.007375129532233877,0.00880393141410751,-0.007326775386460882,0.003394233068015548,-0.01122274002248062,,,-54.12966028703153,-69.26699738775376,-72.46981
2016-11-30,0.9958,0.9902,0.9845,0.022557965123039116,0.02282507225780409,,-0.007403337197064215,,-0.007382181373847529,0.009298336172604494,-0.0075181909047991255,0.004788516731797178,-0.010555513939516634,,,-57.41438045635497,-72.13934451725305,-85.244598
2016-12-31,1.0193,1.0133,1.0073,0.023615142880380826,0.023685266451463426,,-0.007384196194870977,,-0.007381173964858116,0.00992943954583733,-0.007318716589478053,0.005087039048557106,-0.009161841792386256,,,-63.669867450654415,-93.66262039437464,-72.125313
2017-01-31,1.0086,1.0030999999999999,0.9971,0.021872103012741874,0.022934887615755208,,-0.007377144339049162,,-0.007387218434017742,0.010292450541374815,-0.007312672534360281,0.005186526687300061,-0.008838948667204362,,,-42.669799370067786,-78.4662765823745,-62.453693
2017-02-28,1.0017,0.9965,0.9904000000000001,0.020818783859476546,0.02268986737477362,,-0.007377144339049162,,-0.007396285206261995,0.010583793539644974,-0.007288496679188593,0.005286004429237356,-0.008960021371511105,,,-29.464936406429775,-65.72758058728084,-60.581535
2017-03-31,1.0021,0.9964999999999999,0.9904,0.0224157496457352,0.023488350267903177,,-0.007382181373847529,,-0.00738923326519,0.011430027640917703,-0.007322745979851442,0.007571265496318075,-0.009161841792386256,,,-36.629760249660556,-56.826423570308684,-45.681564
2017-04-30,1.0008,0.9951999999999999,0.9889999999999999,0.022444948671145704,0.023721255059978692,,-0.007390240682298462,,-0.007377144339049162,0.011655114507159762,-0.007326775386460882,0.007968169649176874,-0.00947474396254375,,,-34.630587775250596,-50.020350594250814,-48.082336
2017-05-31,0.9867,0.981,0.9749,0.023174329191031687,0.024062280455790352,,-0.007392255519560057,,-0.007377144339049162,0.012027380212718455,-0.007322745979851442,0.00975229144267827,-0.009040744652149064,,,-38.242029984617915,-43.81293096204355,-38.8396
2017-06-30,0.9682,0.9624999999999999,0.9564999999999999,0.023618445374618754,0.024315777250573014,,-0.007392255519560057,,-0.00737210732962239,0.012908031748280636,-0.007326775386460882,0.010247316451549523,-0.009434363986968149,,,-33.83638239877237,-39.36764936101081,-31.720507
2017-07-31,0.9607,0.955,0.9489,0.023803379739850267,0.024717532871959928,,-0.0073932629397131956,,-0.007373114729478028,0.013020464650807069,-0.007282452806718314,0.010643160098479829,-0.009040744652149064,,,-35.00462282324885,-41.19474989221373,-27.928282
2017-08-31,0.9648,0.9591,0.9529,0.02370192495606214,0.024821719237556973,,-0.007398300055702372,,-0.007375129532233877,0.013091728127604594,-0.007288496679188593,0.01004933585300144,-0.009202210764799545,,,-33.21700149268952,-44.50378338261153,-29.829973
2017-09-30,0.9622,0.9565,0.9503,0.02376616154018315,0.024889210096167503,,-0.0074174413278621275,,-0.007384196194870977,0.013250720155984488,-0.00728648205097312,0.010544213875671154,-0.009242581366932559,,,-32.28959333225541,-39.79366297579438,-56.19696
2017-10-31,0.9817,0.9754,0.9691000000000001,0.02575247769009389,0.02583591391594263,,-0.007415426439854639,,-0.007386211019953939,0.013717680915446716,-0.007294540588187489,0.011434377625663104,-0.00971705806338107,,,-47.40256186459686,-46.01042001049719,-45.645409
2017-11-30,0.9919,0.985,0.9784,0.027922618319436803,0.027407422757970933,,-0.007416433883350911,,-0.007388225849096427,0.014764269788147379,-0.007548417757329651,0.012620031356102264,-0.010151351056375357,,,-56.09930773959774,-51.51235906959182,-53.034409
2017-12-31,0.9869,0.9794,0.9723,0.030514311638977568,0.029808636724700143,,-0.00742650837413586,,-0.007398300055702372,0.016800871630204064,-0.00748998000007354,0.013804280976397056,-0.010555513939516634,,,-62.23460008699964,-61.54516723063878,-24.297365
2018-01-31,0.9616,0.9551000000000001,0.9480000000000001,0.027130066961004742,0.02848812305184263,,-0.007432553117324964,,-0.00739930748194492,0.017621524930602622,-0.007477889855958875,0.014494446150452565,-0.008879304606595218,,,-20.306521744432455,-37.56316203956958,-36.062893
2018-02-28,0.9341,0.9272,0.9198000000000001,0.029656827413044325,0.030854487545959167,,-0.007446657660196964,,-0.007406359494060305,0.019971142508458436,-0.00747385984040301,0.016365354086264272,-0.008960021371511105,,,-22.118250641828784,-43.314519552689475,-53.970554
2018-03-31,0.9471,0.9396000000000001,0.9318000000000001,0.03180172578919147,0.03257296969871851,,-0.007440612831749176,,-0.007414418997373309,0.022854338633804074,-0.007381173964858116,0.017152058817565565,-0.009242581366932559,,,-15.662131905292837,-54.0708560469335,-28.376152
2018-04-30,0.96756,0.9598,0.9517,0.03221003624314319,0.033055158813266525,,-0.0074275158287966225,,-0.007411396676018942,0.02335454704811605,-0.00730864318457645,0.018527304613883622,-0.008526245344453105,,,-15.468460104506935,-51.56486284806465,-39.39711
2018-05-31,0.99689,0.9892,0.9808,0.030975588938746492,0.032543735400001425,,-0.007390240682298462,,-0.007404344628381325,0.022947187783323705,-0.007375129532233877,0.01911611719223005,-0.008566588666125967,,,-6.532716231889106,-32.92883080390475,-22.941366
2018-06-30,0.98954,0.9816,0.9733,0.03222518114267468,0.0330956584998449,,-0.0073529669251850595,,-0.0073932629397131956,0.023088888287330522,-0.0073428931752617865,0.01911611719223005,-0.008677541193687932,,,-17.933996800823735,-44.31522756756699,-20.453241
2018-07-31,0.99462,0.9868,0.9780000000000001,0.03157348003851197,0.03370216926002427,0.018306849216619736,-0.007344907917128022,,-0.007387218434017742,0.023214056650423177,-0.007304613851028214,0.02009670169912241,-0.00857667475085925,-59.21722904764212,,-10.548095370605804,-29.001035885303125,-21.856922
2018-08-31,0.98857,0.9808,0.972,0.03156355714682215,0.03380730001642698,0.019131295337349977,-0.007347930037538367,,-0.0073801665568835745,0.022942301200901703,-0.007310657857438908,0.02088047757935523,-0.008526245344453105,-50.84331771933806,,-13.105980884815377,-21.56834223013819,-10.143119
2018-09-30,0.9679,0.96,0.9511999999999999,0.03278196677264401,0.034808861556941864,0.01881791574579022,-0.00738923326519,0.018283534475622584,-0.0073801665568835745,0.023700706179673577,-0.0073852036069050175,0.021663639636026324,-0.008445563583529906,-65.74817761663788,-91.45160524435705,-16.96056986065411,-26.727635530877787,-39.777683
2018-10-31,0.99346,0.9843000000000001,0.9755,0.037052283380499554,0.03648727883424945,0.020254434220759725,-0.007409381800190702,0.01929842176645521,-0.0073801665568835745,0.02526318149229023,-0.007481919887755831,0.02313041738885438,-0.009555508805651466,-93.88467359549128,-98.08690510910667,-43.07182000453491,-43.66357185993708,-54.033676
2018-11-30,1.00105,0.9914999999999999,0.9825999999999999,0.03834312063143123,0.03720521676632132,0.021491992958809214,-0.007419456219929396,0.02031164414807983,-0.007371099930781604,0.026993670442025018,-0.007409381800190702,0.023423514943588058,-0.009919031343002862,-94.31671452692619,-95.22472687459884,-39.40068389215505,-50.005743448403095,-35.442059
2018-12-31,0.99231,0.983,0.9741,0.03770575327900556,0.03704318138001612,0.02241411488962475,-0.007384196194870977,0.021000984228596913,-0.007362033386882595,0.027689386068555876,-0.007159568655093854,0.024204688696817394,-0.009838237135903557,-79.07442194509836,-86.80163764536609,-28.567985553558316,-36.628274462846136,-8.5544825
2019-01-31,0.9892,0.98,0.9714,0.037375855930574145,0.03631641147123317,0.02346618175901152,-0.0073650555590486924,0.022000831164135985,-0.007359011223849993,0.027007005486527028,-0.007155539922170639,0.023814178099254877,-0.007689488484380142,-65.44618612513933,-69.56569083247193,-32.13310521876477,-58.72189346939123,-23.598969
2019-02-28,1.00153,0.9929,0.9842000000000001,0.03461662274031746,0.03490996258549978,0.024052798019127453,-0.007358003838202115,0.022772395488968464,-0.00736102599819023,0.025815201763492283,-0.0071817269762997704,0.024204688696817394,-0.007840657779160924,-32.05820882987889,-47.765410983410874,-16.19694000525404,-25.71276264339145,-16.283297
2019-03-31,1.00062,0.9919999999999999,0.9833999999999999,0.03460791830668072,0.034718263767407734,0.023833973331845667,-0.007358003838202115,0.023124044110735122,-0.007364048167311824,0.02566531009843567,-0.007147482505015952,0.023716526617316044,-0.007810422091977041,-34.159411366329365,-42.30171489360786,-17.951257032290947,-30.80969597387635,-9.0077648
2019-04-30,1.00654,0.9985,0.9899000000000001,0.03207933245353033,0.033340116086981286,0.024353896087256355,-0.007366062951800402,0.023900595830555434,-0.007366062951800402,0.025430194168726054,-0.007163597404247822,0.02400945246035187,-0.008042252393235593,-3.593734144735766,-20.734573046254507,5.144591194435402,-0.2762759994286851,-30.378504
2019-05-31,1.01077,1.0022,0.9937999999999999,0.034059332344634034,0.03386343288712529,0.02465499734148335,-0.007374122130348524,0.02449721462708915,-0.007370092532955667,0.024717002536836778,-0.007155539922170639,0.02322812611920717,-0.008092657397455084,-20.302128728021604,-19.961257270804666,-21.86789885626615,-27.38548827971782,-15.062303
2019-06-30,0.9889,0.9808,0.9732999999999999,0.032898596375992906,0.031801709686994487,0.023736205744653512,-0.007379159149923904,0.02422670640332242,-0.007360018610512696,0.022933798490565,-0.007282452806718314,0.02097840638519171,-0.008042252393235593,-17.832314814154905,-2.149846731593699,-26.8234507870959,-38.77937597565602,-16.799652
2019-07-31,0.98737,0.9791,0.9708,0.03364424071836996,0.03384873737434345,0.02420063196757336,-0.007388225849096427,0.02429559557881179,-0.007359011223849993,0.022403457888520068,-0.00770964307005293,0.02058663360838838,-0.009222395862142864,-20.553829017001743,-21.94130571681663,-35.3113975979696,-38.35211247838713,-21.603024
2019-08-31,0.97886,0.9716,0.9635,0.02977772844891351,0.031632282771649436,0.02358300823913942,-0.0074103892375973575,0.023722364289017698,-0.007367070345566952,0.021151031515952115,-0.008590795440392927,0.019704583274335403,-0.009555508805651466,12.15669027823267,-5.428481370647886,-0.3590149256846656,-5.176363689266411,-14.350032
2019-09-30,0.9905,0.9827,0.9749000000000001,0.03162392308089786,0.031749929006759416,0.022561997979884344,-0.0074103892375973575,0.023426835345454533,-0.007369085136144582,0.020636887047857495,-0.007661272746849123,0.01862546412316489,-0.008042252393235593,-16.515358634161608,-9.540085251603,-33.25763286191247,-49.562065644973806,-58.580288
2019-10-31,0.99361,0.986,0.9795,0.03075368375268568,0.02860507631242251,0.020614372647505878,-0.00740736692842218,0.022531933259373384,-0.007373114729478028,0.0188438344678678,-0.007622981233553762,0.015282623531156904,-0.009282953598916888,-27.319441767576226,12.99971676428903,-42.86868051264117,-61.88106622611891,-39.865036
2019-11-30,0.99306,0.986,0.9797,0.02853892231147525,0.027089365659815217,0.019080069265493292,-0.007202878559118825,0.02091657350762775,-0.007315694557352842,0.018875727268806677,-0.007254248551500167,0.015774919115362215,-0.008324553146232034,-22.55974486863134,11.429024051653746,-24.08946491168407,-44.39450049881,-30.441179
2019-12-31,0.98355,0.9764999999999999,0.9702,0.02877490024401854,0.027332479133244016,0.01660030982983086,-0.007073961572415126,0.019676681574026002,-0.007273387066503081,0.018903988347004016,-0.006907804035554976,0.015381102038302324,-0.007538342038301067,-51.006288417725536,-3.824104927149345,-29.63107861459549,-58.55456167415149,-9.7274542
2020-01-31,0.97017,0.9636,0.9575,0.027180172531315206,0.026291185637487984,0.01572595009786456,-0.006977284737821364,0.01826794706383003,-0.007241153989117737,0.017359743924051367,-0.006923915072824181,0.015381102038302324,-0.007649180531615605,-44.76937695629284,-7.820845845402172,-28.96513534439659,-41.49889961397278,-12.034025
2020-02-29,0.97608,0.97,0.9642,0.024993915078601183,0.024491616591113728,0.01577375198289134,-0.007065904812541775,0.01742691062419237,-0.0072129508986615055,0.014521550060686072,-0.007379159149923904,0.012620031356102264,-0.007649180531615605,-21.54258283168068,1.4824493174014908,-30.932058679912082,-47.24703190883313,-20.130833
2020-03-31,0.95701,0.9517,0.948,0.022255926563427876,0.018918676928265758,0.012775025373141445,-0.00707899708029898,0.014584898608776195,-0.007175683749095559,0.014400808807811926,-0.00657557176388623,0.0010993954433009636,-0.007528266420791573,-24.019041099874496,28.419054296059954,-12.795459917297192,-136.28264699335338,-85.755882
2020-04-30,0.97097,0.9674,0.9642000000000001,0.014734045766516877,0.01399365971798018,0.007515257390467512,-0.006902769389639094,0.01162060374416604,-0.00708201839720038,0.005545893066480242,-0.00584907252232722,0.0008995952428360929,-0.00721597262030756,-3.160189864102724,47.089624233862395,-33.39080177709416,-66.18477903373224,-26.487793
2020-05-31,0.97072,0.9674999999999999,0.9647,0.013290557160203616,0.012441784034959602,0.0021932972399400473,-0.006741674102435375,0.008884629684193176,-0.0069903758453846365,0.0034340967342822125,-0.006531282466186464,0.001399020913707341,-0.007367070345566952,-43.55585817828193,34.33221494618211,-33.2517795973494,-45.24465900929322,-18.82477
2020-06-30,0.95106,0.9487,0.9459000000000001,0.009938102556100583,0.010880593637462856,0.0004766521815435417,-0.006613823190518116,0.0064541759394502575,-0.0069118317705380745,0.003015448960457358,-0.006782952296832335,0.0015987213636970278,-0.007367070345566952,-28.476271840389256,24.85414072525475,-1.3970129881088997,-9.72310846836603,-18.934065
2020-07-31,0.93462,0.9321,0.9291,0.010799697997831975,0.011847307838605246,0.0007777731239549184,-0.006720532272468257,0.004148743060892211,-0.006856451836486457,0.0024844112929205435,-0.007072954473881109,0.0008995952428360929,-0.00740736692842218,-33.01392601408801,-8.421129412265783,-12.423322310303238,-24.92735826573703,-4.4998035
2020-08-31,0.91007,0.9077000000000001,0.905,0.010430368387236396,0.011173151858929056,0.0009066521260177844,-0.006865513797645947,0.0013838611865121281,-0.006878603442076012,0.002405903491753548,-0.007230074108719896,0.0010993954433009636,-0.007487964965903597,-26.582024635726647,-29.10687230340915,-7.943907867629524,-18.43007978031835,-3.1900122
2020-09-30,0.91437,0.9118,0.9091,0.011258543056409482,0.011560408831261826,0.0009255592554599419,-0.00701857265914655,0.0007116673199575278,-0.006890686342858425,0.0023360692642144325,-0.007836626301382424,0.0009995003330835331,-0.007487964965903597,-33.14411141802991,-39.58055168445874,-10.858474908126258,-27.710777574223524,-22.127136
2020-10-31,0.91277,0.9100999999999999,0.9077,0.011717794069444617,0.011140009136179095,0.0008755291300041765,-0.007121296347621549,0.0008216577829151204,-0.006902769389639094,0.002155175939049022,-0.0076955348174303235,0.0008995952428360929,-0.007931370326280263,-37.209685918188924,-34.15581963624881,-18.670833129652703,-28.868285003282608,-18.095022
2020-11-30,0.91087,0.9082,0.9058,0.01174227233655322,0.011163311251751087,0.0008644440995581895,-0.007171654951248544,0.0008866800338063728,-0.006913845644113133,0.0022737131540362227,-0.007870894380569229,0.0007996801705643322,-0.008082576193355982,-37.061732857464875,-33.62785573831582,-15.97664801947769,-28.60015972632907,-26.811638
2020-12-31,0.88887,0.886,0.8836,0.012936169979552934,0.011893043108014168,0.0008555505501250647,-0.0072169798628853145,0.0008994438623748411,-0.006943047266718473,0.0023809632560390947,-0.00766731890929945,0.0008995952428360929,-0.007850736544713806,-48.63639566542555,-40.505519789208535,-28.87887814214389,-41.85838192003036,-9.5365229
2021-01-31,0.88663,0.884,0.8816999999999999,0.0118827849258329,0.011151793552240783,0.0007833190836956829,-0.00724417579598701,0.0008222203403089088,-0.007016558574653691,0.0020167649617099225,-0.00764313447883153,0.0005998200719676155,-0.007770109264429857,-38.55290046150208,-33.13014637278183,-22.228854852914466,-35.12855589435428,-16.810862
2021-02-28,0.89725,0.895,0.8927,0.010043247011444963,0.010167903684800302,0.0006522217791923768,-0.007260292253509415,0.0007583329393754559,-0.007086046833935297,0.0018820278739849672,-0.007483934909744761,0.0003999200213269354,-0.007608874203516638,-21.307329787431712,-23.235239114895496,-6.772842277152358,-20.34452786601389,-13.457675
2021-03-31,0.92945,0.927,0.9246,0.010557791149191646,0.010463603598056164,0.00041665181609717,-0.007271372468727599,0.0006361011831111447,-0.007154532741475876,0.0019406157865368594,-0.0075685694999522764,0.00029995500899797546,-0.007689488484380142,-28.69766864366876,-26.72969673469143,-10.486058627025095,-25.683476558135272,-10.209941
2021-04-30,0.92125,0.9207000000000001,0.9183,0.002388772838984653,0.0064146177681396015,0.00021776186686726495,-0.007273387066503081,0.000515552673988951,-0.0071998568770390604,0.0017622463314188232,-0.0074859499357940095,9.999500033330834e-05,-0.007810422091977041,51.02376094385693,13.007917828884104,68.59423428228179,55.216442533256966,-8.4867678
2021-05-31,0.90282,0.9006000000000001,0.8985000000000001,0.009847960525481406,0.009592983550455597,0.00011112414863958747,-0.007275401668337175,0.0003749923780978368,-0.007260292253509415,0.0013129377199397336,-0.00746378487256726,9.999500033330834e-05,-0.007770109264429857,-24.61434708504644,-19.576989188483456,-10.712379329744122,-19.778562607182405,-1.9582505
2021-06-30,0.9079,0.9057000000000001,0.9035000000000001,0.009704459987234473,0.009716260690856559,0.0001577589402337553,-0.007276408970776206,0.0002877619596888758,-0.007267343285352407,0.0014564388778069309,-0.007564539118940203,0.000499875041651048,-0.007729798061941229,-22.70292076224512,-21.61155445815275,-6.8348199048733935,-14.747868836421963,-3.1205974
2021-07-31,0.91801,0.9158000000000001,0.9132,0.009641134337406989,0.010506738303412765,0.00029224980700477227,-0.007275401668337175,0.0002450061244999186,-0.007267343285352407,0.0011768072905985554,-0.007622981233553762,0.0005998200719676155,-0.007850736544713806,-20.734828620650415,-29.943888935604388,-8.413458132546705,-11.905777207255678,-2.5417738
2021-08-31,0.91421,0.912,0.9096,0.009681257155896045,0.010110723853958455,0.0004333348914345184,-0.007272379767108014,0.0002705596814582802,-0.007267343285352407,0.0011955850033318648,-0.00773382910906619,0.0003999200213269354,-0.007729798061941229,-19.75542497353512,-25.728208871477666,-7.518430434979902,-15.515390726278804,-3.8051555
2021-09-30,0.92233,0.9202,0.9178000000000001,0.009248157474041539,0.009847150258290971,0.0004999880857787462,-0.007248204886017033,0.00033443910021256927,-0.007255255832631828,0.0013004540429713914,-0.007653211253779947,0.0003999200213269354,-0.007528266420791573,-14.999645022457601,-22.574553254465744,-2.9449217729020023,-13.199710319230299,-10.180444
2021-10-31,0.92356,0.921,0.9188,0.01110292598198372,0.010334593871719349,0.0004811234791686903,-0.007193813540271078,0.0003927891727397871,-0.007228059598200625,0.0013216262671313077,-0.007737860172440559,0.000499875041651048,-0.008042252393235593,-34.279889625439516,-27.137451007789373,-20.434395424118527,-25.60798547097079,-20.582384
2021-11-30,0.92184,0.9190999999999999,0.9167,0.011906969366781447,0.011182815476058327,0.0004922322978829133,-0.007142446652262262,0.00046499038874775055,-0.007200864103384475,0.0017310009530245164,-0.007866862780890944,0.000499875041651048,-0.008526245344453105,-42.722904166362724,-35.169609839261014,-23.091056328659857,-28.808489806772947,-31.141453
2021-12-31,0.9209,0.9183,0.9157000000000001,0.011309272431379696,0.011325305227269714,0.00049666313872125,-0.00707899708029898,0.0005011080522268098,-0.007156547103879816,0.0020891162761727624,-0.007558493577879373,0.0005998200719676155,-0.008163228671951182,-37.336122123594656,-36.67650071163088,-16.616625773275604,-25.46223687460899,-3.2132981
2022-01-31,0.91868,0.9162,0.9132,0.010812702782289898,0.011965884985147453,0.0004944164505906766,-0.00707899708029898,0.0004933339451305381,-0.007130360709120434,0.0030838400735075087,,0.0021975835434872217,-0.007931370326280263,-32.39289251400241,-43.42190330896481,,-6.837489125224132,-1.0261551
2022-02-28,0.92266,0.9197,0.9157,0.012853090804676146,0.015144004992269167,0.0004933228503366669,-0.007096117996771985,0.0004927775741097799,-0.007113239206375791,0.0050302271671576705,,0.003493889254255779,-0.007679411343869449,-52.63649957567495,-75.37988211783596,,-16.797902065509174,-25.092216
2022-03-31,0.92967,0.9259999999999999,0.9208999999999999,0.015821799285173497,0.01895646348030282,0.0008589028466204441,-0.0071061892610380165,0.0006777829926709179,-0.007086046833935297,0.009569763397054296,,0.005186526687300061,-0.007850736544713806,-78.56707177515037,-111.92633653696608,,-27.845360531596302,-2.3668852
2022-04-30,0.94391,0.9394,0.9330999999999999,0.019157796098021405,0.023036892754847844,0.001634438618015824,-0.007098132241510779,0.0010588830970369768,-0.00708201839720038,0.013260292426006454,,0.008464078412129412,-0.007528266420791573,-104.25225238494802,-148.95991260610487,,-31.654512651004204,-31.929792
2022-05-31,0.98024,0.9740000000000001,0.9670000000000001,0.02554454399462343,0.027197888375793438,0.003911033491969785,-0.0070779899766937,0.002202177484932677,-0.00708000418491852,0.015978756986516386,,0.01153323581367303,-0.007528266420791573,-145.5552052595995,-179.15706705942242,,-64.8304176015883,-34.6436
2022-06-30,0.96962,0.9631,0.9558,0.026987974392811403,0.02871111204192713,0.006980887917161306,-0.006290745312352547,0.003936008806743869,-0.006686303590641655,0.022594217376339775,,0.01705375456582752,-0.002453006161066859,-137.16341163297548,-180.88799644541604,,-74.81213665917024,-18.379726
2022-07-31,0.96954,0.9626,0.9540000000000001,0.028735101372809664,0.03231612152784966,0.011005159712351041,-0.004549332538617033,0.006355350649293923,-0.005804815388371757,0.02750125003884239,,0.023814178099254877,-0.0007903122144437701,-131.8060912184159,-201.55955490183985,,-41.306110591110176,-18.97505
2022-08-31,0.95717,0.9497,0.9410999999999999,0.03133947552682451,0.03386322053174164,0.016826918226814896,-0.0029172510420307717,0.010451748580131886,-0.004992441523044113,0.03052639222776315,,0.029170377299779858,0.0,-115.95306257978847,-184.19030428565645,,-21.69098227044655,-30.387877
2022-09-30,0.97293,0.9651,0.9566,0.032321656955558394,0.033853611811566924,0.021430928352867654,-0.001441037796404194,0.01428924338083876,-0.0038222956737412966,0.03685936968263834,,0.032757564238172186,0.0049377890296238005,-94.49690806286544,-157.4207275698687,,-45.01881747010009,-74.115822
2022-10-31,0.99564,0.9847999999999999,0.9751,0.04378868637580204,0.04169143324624172,0.0260180626642691,0.0006547855811244668,0.01898323518617199,-0.0019589174265108506,0.04363681319847844,,0.04133386349297719,0.004310695587084546,-184.2540929265741,-207.4928063355888,,-67.65518469909394,-29.462049
2022-11-30,0.96588,0.9549,0.9448,0.045731919749943784,0.044132676020980456,0.030808283939119444,0.002834977650668123,0.02390093008998992,-5.400145805249013e-05,0.04667908025617247,,0.04277209184386899,0.004897985262191959,-177.58613461492462,-201.77744472938048,,-78.57813168266753,-60.502525
2022-12-31,0.93205,0.9223,0.9129,0.04206364429432567,0.04152023148843895,0.036357271888418696,0.005463050329346621,0.028894100120643484,0.0019790404070423196,0.04657141885917903,,0.04325104199431493,0.008642545381341635,-111.69422735253596,-146.05171774837785,,-74.55147681352372,-44.844131
2023-01-31,0.92411,0.9152,0.9064,0.03875396619837118,0.03870080492265962,0.040535023258681885,0.007022285934252336,0.033360436751266466,0.0038615346688818573,0.04701306224925042,,0.045928931888399804,0.01124652013973139,-52.41228873941635,-92.01902840275011,,-40.715544497027665,-19.247894
2023-02-28,0.92427,0.9155,0.9066000000000001,0.03813549053977858,0.03860579648552207,0.04291557260448426,0.008596940185513942,0.03686192827180213,0.0057076801588981,0.048513935545627794,,0.047646653467353035,0.011790221374475716,-38.168581208082585,-74.51548372618039,,-22.790584469012597,-20.350237
2023-03-31,0.92552,0.9159,0.9076,0.04179421324676615,0.03910397762989375,0.045308683515269274,0.009875080497178586,0.040832977701844346,0.007654628436775743,0.05062381533645256,,0.04736057135983758,0.01085091530423696,-63.606102286754634,-59.25628364825152,,-52.8455719116553,-29.311731
2023-04-30,0.89768,0.8894,0.8815,0.0370663171200592,0.036377311037372066,0.045458689776111505,0.011371103256111766,0.042927412420693305,0.009185682148202715,0.05166630980864728,,0.04974209189481407,0.012975453522390224,-29.787306000594594,-26.35580764881476,,-2.996787476353541,-3.4028857
2023-05-31,0.89699,0.8879,0.8797,0.04074235874541859,0.038927546932013744,0.048237941930290594,0.012888584213262489,0.04565786724944938,0.010782657640432873,0.05369914301146821,,0.053730322420967785,0.014307162696398265,-53.930010283904856,-40.523373229972364,,-13.191990208490656,24.09103
2023-06-30,0.90083,0.892,0.8835000000000001,0.03940171192350982,0.038850537602271355,0.050188437562589255,0.014484590000954409,0.047748560538929535,0.012213115358886542,0.05397129035326301,,0.052877039600766916,0.01635551635956608,-36.978643618749764,-33.15092422228362,,-28.80188682308986,26.441309
2023-07-31,0.87398,0.8654000000000001,0.8564,0.03946265723091959,0.04063987076597307,0.05061501346740607,0.015427383586694252,0.04862725739042515,0.013446193396976478,0.054743171711661244,,0.05401458830623825,0.016817784926159415,-42.75027350207766,-54.588067725244024,,-22.658538508407503,28.082821
2023-08-31,0.87859,0.8697999999999999,0.8605999999999999,0.04022019827874253,0.04137705865744867,0.05150944938640072,0.016318132115446547,0.05018535553576664,0.014632422044311751,0.05508298941362148,,0.05410932564703195,0.01713239874030083,-50.288810077883525,-58.24125165993787,,-32.43271372011414,33.837616
2023-09-30,0.89823,0.8895,0.8803,0.03906661249430543,0.040326803525211334,0.052883628990393436,0.01693479349889157,0.05072453349171076,0.015741450694290917,0.05502885349060924,,0.05401458830623825,0.017761329578642238,-31.17777002803565,-53.43720727791497,,-28.133537667094156,-10.638697
2023-10-31,0.90385,0.8945000000000001,0.8855000000000001,0.04159405788835787,0.04102192039595022,0.053043305914869665,0.016925944589593327,0.0518846960239545,0.01620597099686616,0.054908172834526016,,0.054393483830331636,0.01556818448805263,-54.766965630815356,-53.431953688618805,,-27.687585460788657,-15.075581
2023-11-30,0.8918,0.8828,0.8742000000000001,0.04057287124317997,0.0398654195283241,0.05310762397216556,0.016919062050447624,0.0526035193635109,0.016652573041542093,0.054781608140463525,,0.053066720936692235,0.01596192791024184,-43.84309321462033,-39.14473206355289,,-34.68078216729578,-13.609208
2023-12-31,0.86603,0.8567,0.8485,0.043327004098992386,0.0408989306409305,0.052017941049985195,0.016898414148789898,0.0524874392047459,0.01695347427249244,0.05442198991138621,,0.05259245011917059,0.016630936130544678,-82.07477197797088,-53.64965708677047,,-73.65490110366476,20.734529
2024-01-31,0.85893,0.8494,0.8417,0.04462884271925021,0.04052754468290591,0.053252886973750434,0.01687186622019047,0.05315197584613912,0.01693479349889157,0.05426979022548373,,0.05278218543896945,0.016119381879883293,-82.47821965690245,-43.103623356583604,,-79.6603916016405,3.5426304
2024-02-29,0.87667,0.8681000000000001,0.8598,0.039294893520312825,0.03886166943131904,0.05322046972632703,0.01684040109583672,0.053460141377027946,0.016916112376312874,0.054442066796386204,,0.053066720936692235,0.01560756580752883,-29.148248898225106,-23.17640430603965,,-18.357383911494217,-2.7788963
2024-03-31,0.8879,0.8795999999999999,0.8709,0.03756746143070019,0.03866392867917444,0.053150786474464855,0.01654143302516977,0.05228882402283247,0.01675780043360778,0.05410780992022959,,0.053161548114232356,0.01576507557838243,-9.581079814051026,-31.329050899497474,,-1.7098889485026025,17.490614
2024-04-30,0.90975,0.9,0.8906,0.04310029267183365,0.0425488872093343,0.05312438098060878,0.015758185044843463,0.05318863397717988,0.016351581241788,0.0543911161790772,,0.053161548114232356,0.01298532455731896,-57.34096736068332,-57.11834473942419,,-29.24069114920255,11.564919
2024-05-31,0.90912,0.9000999999999999,0.8907999999999999,0.03988492161113495,0.040714326565221406,0.053731023809835014,0.01497826364737968,0.053771280314563276,0.01592649735019908,0.054530324547713636,,0.053161548114232356,0.012896481735020204,-11.32161448679614,-28.695436008572134,,3.8014476807719797,15.095272
2024-06-30,0.89391,0.8843,0.8751,0.04323490953282299,0.04253386684621938,0.05199156378343664,0.014165198183344583,0.052562287199751354,0.015383071509528841,0.054357589635617126,,0.05335117549699458,0.012264482819982046,-54.08543932730929,-53.5465115599687,,-21.482168558104586,12.550402
2024-07-31,0.89244,0.8826999999999999,0.8732,0.04389556990808802,0.04358931965484064,0.053255572004122134,0.013340616937074182,0.0531910751585335,0.014570335247936007,0.05356645380191072,,0.05268732227900646,0.01073220332902706,-39.806148410400645,-49.68579744243147,,-19.404509581086167,16.122057
2024-08-31,0.85732,0.8488,0.8403999999999999,0.03995062867663305,0.039866550996172916,0.0539201819029292,0.012512392503112507,0.052940792316070254,0.01379047281320802,0.05143646913755683,,0.05078816683210506,0.008840804665481995,14.57160723183644,-7.162314933106817,,19.967334899900145,11.181416
2024-09-30,0.84719,0.8383999999999999,0.8309,0.04171870824986139,0.03883107991661477,0.05274465100851078,0.011921653845303843,0.05296238539775444,0.01305343204280212,0.04739604998654379,,0.04621542379696299,0.008364916331627708,-8.957110866544548,10.778734383375538,,-38.68200784526113,-13.824978
2024-10-31,0.86059,0.8517,0.8437,0.041535393559256714,0.039642438730536675,0.051038310681972995,0.01102104456331896,0.052448015083209856,0.01220620030684334,,,0.0453557017207972,0.00675711916315981,-15.181274406026803,5.993760458298386,,-29.36811001619327,-2.0748756
2024-11-30,0.88034,0.8711,0.8623999999999999,0.04220566265823707,0.04117799266934587,0.04943634703276611,0.010158230032715144,0.05078846133326795,0.011352317906903931,,,0.044782142771893185,0.005574433932601998,-29.275456581861064,-17.418492429818468,,-29.97953818945881,5.1823668
2024-12-31,0.89113,0.8827,0.8734000000000001,0.038019713123925845,0.040193358511416095,0.046642728355905785,0.008487875848353406,0.049952579689244984,0.01025325526396522,,,0.04277209184386899,0.0035138192997965934,1.351393836265327,-4.940340861363316,,12.385594201465496,2.6094353
2025-01-31,0.90933,0.8996000000000001,0.8902,0.043031378056856515,0.042523816035241635,0.045414198749075964,0.00670248805967243,0.0484984636003309,0.008838822267196374,,,0.04219704869978836,0.0015687688384473056,-43.19667367452984,-28.64174702107106,,-24.030981955154573,-8.2314091
2025-02-28,0.90396,0.8945000000000001,0.885,0.04208083470731885,0.0423949332353481,0.04448560129576518,0.005031321647202289,0.04696097416426552,0.007604016051715838,,,0.042292912190251455,0.001998002662673056,-26.26555058755954,-30.379751227984155,,-17.859251797404454,-22.374525
2025-03-31,0.88351,0.874,0.865,0.04328893863715598,0.04234620676589032,0.043309172148497374,0.0040916179032535645,0.044975950252201316,0.006298125107121795,,,0.042292912190251455,0.001778417677411212,-40.713843919121665,-36.68381620810797,,-27.744441243157393,-10.099206
2025-04-30,0.83684,0.8254,0.8167,0.05505910398786462,0.04872212590243521,0.04338256067871675,0.0032357592798962376,0.04415616437548048,0.005030326665393044,,,0.04219704869978836,-8.000320017067691e-05,-149.12302589044108,-95.96288192347778,,-127.82052087905588,-15.983619
2025-05-31,0.82921,0.8199000000000001,0.8106,0.04516423481385671,0.04539745222277622,0.04372922219777109,0.0024819174931302703,0.04334255879130284,0.003758926375949756,,,0.04267627428043632,-0.0009204234597418969,-39.169301092158925,-58.13819807423133,,-15.675370736784947,-7.4758768
2025-06-30,0.81376,0.8046,0.7956,0.04528089087226821,0.045137870507875634,0.04318698103420637,0.0017155276406197774,0.04349306071517861,0.0028858319784571622,,,0.0431552703139276,-0.0013809530769316872,-38.09437478681614,-45.30641771154184,,-7.446674814089241,-13.585598
2025-07-31,0.79786,0.7887,0.7798999999999999,0.04618849223288669,0.04553487425142918,0.04316144625202496,0.0008576321284075126,0.043518644506335885,0.002008980646326949,,,0.0431552703139276,-0.0024931052057124937,-38.84678109269235,-40.25210391420245,,-5.40116713246594,
2025-08-31,0.80649,0.7978999999999999,0.7894,0.04283288767244952,0.04283667000720162,0.042352923453945215,5.899825956845663e-05,0.042793870058653316,0.0012711916933714135,,,0.041429809763139556,-0.0008303446407143913,-5.38962478072759,-13.139916419197192,,-5.727332685955752,
2025-09-30,0.79661,0.7881,0.7804,0.042960954643569194,0.04111723054308009,0.043257039319438716,-0.00040908366331297434,0.04322924209394337,0.000647790138655207,,,0.039413002356835036,-0.0009104143013618956,7.051683391824937,14.642214122080679,,-26.375379853722585,
2025-10-31,0.79772,0.7892,0.7818999999999999,0.04295153814624214,0.04006160710910513,0.04327155821478502,-0.0004100840729807334,0.043460362079878224,0.0002339726262702186,,,0.038162461094348926,-0.0011506617573959876,7.301041415236076,31.647823445028823,,-36.38415294497224,
2025-11-30,0.80389,0.7954,0.7878,0.042469244499305295,0.04043638672322219,0.042166136147231394,-0.00040908366331297434,0.04201786322951682,-0.00017501531428669288,,,0.038066200806456334,-0.0005901741184899743,1.0597531123907045,17.56491820581324,,-38.12869574358987,
2025-12-31,0.79709,0.7884,0.781,0.04384808239704723,0.040784892076281706,0.03990665135043645,-0.00043609507563632257,0.04180627864009916,-0.00042308948973699556,,,0.03604259134692935,-0.0004100840729807334,-35.05335970974459,14.444760535544527,,-73.9540697713715,
2026-01-31,0.79023,0.7827999999999999,0.7755,0.03778722722739094,0.03763211942435079,0.03863696744159616,-0.0004831166820731402,0.040231055967061016,-0.0004470999342815254,,,0.03604259134692935,-0.0004701104846198704,13.328568962783574,30.460364769917536,,-12.74525395841719,
2026-02-28,0.77275,0.7653000000000001,0.7581000000000001,0.03875066878540093,0.03828055589993473,0.0376216145403524,-0.0005061280612011339,0.03989387534379193,-0.0004571044563255728,,,0.03604259134692935,-0.000750281390704149,-6.229261838473915,20.704239001827705,,-19.577960477674267,
2026-03-31,0.78678,0.7789,0.7713000000000001,0.04026399538193984,0.039742527662868586,0.03661957714991094,-0.000531141030426981,0.038263114250173945,-0.0004801152368772762,,,0.03633192924739029,-0.0005101300942339198,-31.132772016019203,-9.992981758173633,,-34.21936040315633,
2026-04-30,0.78713,0.7803,0.7727,0.034859831588948204,0.03700508816082873,0.03651965512847302,-0.00047311189978712406,0.03757831128503459,-0.0004781142784181736,,,0.036139046615873194,-0.00055015130548122,21.329354393119434,10.513374026240307,,18.293663324062127,
2026-05-31,0.78369,0.7756,0.768,0.04150644249689981,0.0404476016900988,0.035443161872308046,-0.00048211619934022146,0.03623020273702008,-0.00048211619934022146,,,0.03623549258209543,-0.000870378669644324,-55.81164425251542,-37.35282753738495,,-44.00571245160058,
